mean_fit_time,std_fit_time,mean_score_time,std_score_time,param_kmer__k,param_model__n_neighbors,split0_test_accuracy,split1_test_accuracy,split2_test_accuracy,mean_test_accuracy,std_test_accuracy,rank_test_accuracy,split0_test_f1_macro,split1_test_f1_macro,split2_test_f1_macro,mean_test_f1_macro,std_test_f1_macro,rank_test_f1_macro,split0_test_mcc,split1_test_mcc,split2_test_mcc,mean_test_mcc,std_test_mcc,rank_test_mcc,kmer__k,model__n_neighbors,cancer
0.09330352147420247,0.009234297648330593,0.026576916376749676,0.0010998993939634078,2,3,0.4189189189189189,0.3783783783783784,0.4520547945205479,0.41645069727261513,0.03012886392879754,24,0.4136723788465082,0.3779239766081871,0.44947209653092,0.41368948399520517,0.029209400148571197,19,-0.1651445647689541,-0.24415204678362573,-0.09833866820532045,-0.16921175991930007,0.059597493797408925,24,2,3,Thyroid
0.08342321713765462,0.0017625478103272586,0.026251951853434246,0.0004808017241196509,2,5,0.47297297297297297,0.4594594594594595,0.4657534246575342,0.46606195236332226,0.005521180663524002,20,0.46506024096385545,0.45906432748538006,0.46414455110107283,0.4627563731834361,0.002637299510054603,13,-0.055727821257535275,-0.07917922609625103,-0.07013646461808343,-0.06834783732395658,0.009657173082750693,20,2,5,Thyroid
0.09485332171122234,0.017002222579599647,0.03182260195414225,0.0066832586774631985,2,7,0.5405405405405406,0.4189189189189189,0.4383561643835616,0.46593854128100703,0.05334507379913522,21,0.5116459627329193,0.41881278538812783,0.4383561643835616,0.45627163750153626,0.039960170476471775,14,0.0928032337334619,-0.16099534031676235,-0.12312312312312312,-0.06377174323547452,0.11178959035738457,19,2,7,Thyroid
0.08290576934814453,0.0022265599259127804,0.027086337407430012,0.0008250984284095246,2,10,0.43243243243243246,0.4594594594594595,0.4246575342465753,0.43884980871282236,0.014914881570071316,23,0.43201754385964913,0.44486121530382594,0.4193181818181818,0.43206564699388555,0.010427955227682521,18,-0.1353329904901917,-0.07648784127917167,-0.15110845895663527,-0.12097643024199956,0.0321106655413382,23,2,10,Thyroid
0.1265901724497477,0.003173564384582708,0.03983004887898763,0.007392154451810339,3,3,0.6081081081081081,0.4594594594594595,0.5205479452054794,0.5293718375910156,0.061005469666749225,4,0.5804496578690127,0.45906432748538006,0.5147198480531814,0.5180779444691913,0.04961221097498966,2,0.2519763153394848,-0.08187134502923976,0.039119448765423344,0.06974147302522278,0.13800204433447985,3,3,3,Thyroid
0.09868510564168294,0.019794830081242474,0.027631203333536785,0.00041093120333794643,3,5,0.5540540540540541,0.5,0.5068493150684932,0.5203011230408491,0.024030169138168835,5,0.5225806451612903,0.4954855352865303,0.4906976744186047,0.5029212849554751,0.014038013527541256,4,0.1259881576697424,-0.004443172014411616,0.009587943645914634,0.043710976433748466,0.05846006594689977,5,3,5,Thyroid
0.08357938130696614,0.0019309562703287027,0.032235145568847656,0.007055336210968044,3,7,0.44594594594594594,0.5405405405405406,0.5068493150684932,0.4977786005183266,0.0391470963458499,11,0.4068426197458455,0.5391941391941392,0.49539170506912444,0.480476154669703,0.055052014240209064,7,-0.1259881576697424,0.07917922609625103,0.01018956483304395,-0.012206455580149137,0.08524318208555538,13,3,7,Thyroid
0.08243584632873535,0.0020172893400020645,0.027172247568766277,0.0006756897599083931,3,10,0.5945945945945946,0.43243243243243246,0.4794520547945205,0.5021596939405158,0.06812179957480767,10,0.5836459114778695,0.4113636363636364,0.47699849170437403,0.4906693465152933,0.07099513966030821,6,0.2,-0.13589167771357902,-0.043117723751563586,0.006996866178285803,0.14163193821119216,10,3,10,Thyroid
0.11919450759887695,0.0129664746138184,0.0488892396291097,0.0016575022557517001,4,3,0.5675675675675675,0.5675675675675675,0.5753424657534246,0.5701592002961866,0.003665122153503019,1,0.5515151515151515,0.5558889722430608,0.5539128720678099,0.5537723319420075,0.0017883680801581117,1,0.14598929061844593,0.1331677024546794,0.1600272261482811,0.14639473974046882,0.010969101908077969,1,4,3,Thyroid
0.11301096280415852,0.022370795636574597,0.04200474421183268,0.007751694029640167,4,5,0.4864864864864865,0.5135135135135135,0.5342465753424658,0.5114155251141552,0.019554329245730383,7,0.4674242424242424,0.4896551724137931,0.48291666666666666,0.47999869383490074,0.009307326366372855,8,-0.029197858123689188,0.017585981821757284,0.07626896465468337,0.02155236278425049,0.04314789921650016,8,4,5,Thyroid
0.14026935895284018,0.001334362913202147,0.04803856213887533,0.003395156870283959,4,7,0.44594594594594594,0.5540540540540541,0.547945205479452,0.5159817351598174,0.04958553778293441,6,0.3745619459905174,0.5225806451612903,0.49316221333894383,0.4634349348302505,0.06398003408200617,12,-0.14664711502135327,0.10872819000169036,0.11380427475017338,0.02529511657683682,0.12159917739392176,7,4,7,Thyroid
0.11403115590413411,0.006948273939634031,0.037343899408976235,0.005131747993620674,4,10,0.4864864864864865,0.581081081081081,0.547945205479452,0.5385042576823399,0.039190840367869725,2,0.42612244897959184,0.5772986917265523,0.5027863777089784,0.5020691728050409,0.06171952624536073,5,-0.03551104121142175,0.15995419251881815,0.1086861294908841,0.0777097602660935,0.08274988816535139,2,4,10,Thyroid
0.12006473541259766,0.01556363405758723,0.04074255625406901,0.009883541389612975,5,3,0.4864864864864865,0.5945945945945946,0.5205479452054794,0.5338763420955202,0.04513000023947436,3,0.4674242424242424,0.5795454545454546,0.4624447717231222,0.5031381562309397,0.054066349416917216,3,-0.029197858123689188,0.19200009137424728,0.042186067364288406,0.06832943353828216,0.09217642472166643,4,5,3,Thyroid
0.12025181452433269,0.0276535589259467,0.03996427853902181,0.00877937418287404,5,5,0.4864864864864865,0.47297297297297297,0.5205479452054794,0.49333580155497964,0.020017148205335598,14,0.4674242424242424,0.43577712609970676,0.43784378437843785,0.44701505096746236,0.014456119604972152,15,-0.029197858123689188,-0.07694610369350395,0.04680804499666422,-0.019778638940176306,0.05095954995240412,14,5,5,Thyroid
0.12008150418599446,0.02699163499707175,0.03713202476501465,0.005517350854122003,5,7,0.5405405405405406,0.44594594594594594,0.5342465753424658,0.5069110206096508,0.04318532733882325,8,0.49599358974358976,0.4150761519182572,0.41462264150943395,0.44189746105709365,0.03825218749363396,16,0.10084389681792216,-0.13290864095489222,0.12369570208244987,0.030543652648493274,0.11595413019557194,6,5,7,Thyroid
0.12654447555541992,0.02584896473300026,0.04130403200785319,0.007379313415449998,5,10,0.47297297297297297,0.5135135135135135,0.5068493150684932,0.4977786005183265,0.017749971899841715,12,0.39203707604803034,0.4896551724137931,0.33636363636363636,0.4060186282751533,0.06335711803296164,21,-0.07905694150420949,0.017585981821757284,0.0,-0.020490319894150733,0.042030572716144333,15,5,10,Thyroid
0.14889208475748697,0.03314201985231671,0.04201197624206543,0.0034812810181050905,6,3,0.47297297297297297,0.527027027027027,0.4794520547945205,0.4931506849315068,0.024099786176673986,15,0.45618993781797623,0.5163398692810457,0.44960317460317456,0.4740443272340655,0.03002810927778469,9,-0.05773502691896258,0.048574251179879985,-0.053019484934917045,-0.02072675355799988,0.04904101023504417,16,6,3,Thyroid
0.14271211624145508,0.03414016421392549,0.04257631301879883,0.007304326006618811,6,5,0.43243243243243246,0.4594594594594595,0.547945205479452,0.4799456991237813,0.049332644337132976,16,0.42572062084257206,0.4530672579453067,0.4227174694464414,0.4338351160781067,0.013654332405921586,17,-0.13840913308956662,-0.08781162074120102,0.20987524639084773,-0.005448502479973305,0.1536516941761443,11,6,5,Thyroid
0.12157599131266277,0.0015098437193599005,0.03960458437601725,0.00192634348399334,6,7,0.4189189189189189,0.47297297297297297,0.5068493150684932,0.466247068986795,0.03621111229147511,19,0.4057889822595705,0.45618993781797623,0.33636363636363636,0.3994475188137277,0.04912396732779091,22,-0.16984155512168936,-0.0664335343678361,0.0,-0.07875836316317515,0.06988306669079082,21,6,7,Thyroid
0.14627639452616373,0.020350476425667053,0.04684774080912272,0.011293431754481898,6,10,0.527027027027027,0.4864864864864865,0.5068493150684932,0.5067876095273356,0.01655066388417009,9,0.4263565891472868,0.4674242424242424,0.33636363636363636,0.41004815597838856,0.05473386739220765,20,0.09901475429766744,-0.03902440881590392,0.0,0.01999678182725451,0.058101096380125235,9,6,10,Thyroid
0.20048626263936362,0.038174797344296005,0.04497392972310384,0.002478166693317792,7,3,0.4864864864864865,0.5135135135135135,0.4931506849315068,0.4977168949771689,0.011496456065986621,13,0.44602048857368004,0.46634615384615385,0.4927699530516432,0.46837886515715904,0.019139436489431977,10,-0.03212462831016178,0.014200477428076834,-0.014274985246059059,-0.010733045376048002,0.019077261490175988,12,7,3,Thyroid
0.15384316444396973,0.0014984053272985554,0.043563445409139,0.001909098044768281,7,5,0.4594594594594595,0.4864864864864865,0.4931506849315068,0.479698876959151,0.014567736057781142,17,0.42546583850931674,0.47693452380952384,0.49162431771127424,0.4646748933433716,0.028366177006591456,11,-0.0928032337334619,-0.03465427771685422,-0.015083110670555577,-0.04751354070695723,0.03300631117139873,17,7,5,Thyroid
0.20421433448791504,0.0278670153074099,0.04914482434590658,0.008015734119360273,7,7,0.43243243243243246,0.44594594594594594,0.5068493150684932,0.4617425644822905,0.03236889425775305,22,0.3877068557919622,0.44094343099318223,0.33636363636363636,0.38833797438292694,0.04269685463978499,23,-0.1606231415508089,-0.11404141503656479,0.0,-0.09155485219579122,0.06747435330902571,22,7,7,Thyroid
0.19194761912027994,0.03018987806358338,0.05174899101257324,0.011907245509061564,7,10,0.5,0.4189189189189189,0.5068493150684932,0.475256077995804,0.03993440370463849,18,0.3333333333333333,0.3865432812801234,0.33636363636363636,0.35208008365903104,0.02440054202699489,24,0.0,-0.1706196212334218,0.0,-0.05687320707780727,0.08043086078508854,18,7,10,Thyroid
0.08023389180501302,0.01765865139092713,0.03519209225972494,0.004571751158469673,2,3,0.4727272727272727,0.43636363636363634,0.38181818181818183,0.43030303030303035,0.037360084866478634,20,0.46992356264539714,0.43636363636363634,0.37997347480106103,0.42875355793669817,0.037114144168578625,10,-0.05890266523011691,-0.12611717974180736,-0.23904572186687872,-0.14135518894626767,0.07432822661230526,20,2,3,Tongue
0.11121781667073567,0.015600729556901234,0.043912410736083984,0.005674175842415146,2,5,0.4,0.41818181818181815,0.44545454545454544,0.4212121212121212,0.018680042433239306,23,0.3901209677419355,0.41508806912595547,0.4431997344618704,0.41613625710992047,0.021681987803468163,15,-0.2132080772681107,-0.15979210274464078,-0.11175975124542252,-0.16158664375272466,0.04143554027059121,23,2,5,Tongue
0.1189893086751302,0.009164141671136316,0.04344534873962402,0.004514862309937733,2,7,0.44545454545454544,0.44545454545454544,0.38181818181818183,0.42424242424242425,0.029998469504883815,21,0.42840105630803305,0.4443064182194617,0.37853107344632764,0.41707951599127413,0.02802061088275512,13,-0.126609990000616,-0.10538899342000332,-0.24067436836968373,-0.15755778393010103,0.059407393651213176,22,2,7,Tongue
0.09271828333536784,0.019233282279302332,0.03558842341105143,0.009987959360656967,2,10,0.44545454545454544,0.43636363636363634,0.39090909090909093,0.42424242424242425,0.023860629921247895,21,0.4450417666032586,0.40301120448179273,0.38680422664115155,0.41161906590873426,0.0245421300891423,16,-0.1062952819695908,-0.12644440206073562,-0.21855438679706754,-0.15043135694246465,0.04886755677365902,21,2,10,Tongue
0.11440785725911458,0.010496437282407773,0.041961669921875,0.006110694455181968,3,3,0.43636363636363634,0.42727272727272725,0.37272727272727274,0.4121212121212121,0.02810187422877484,24,0.4361772486772487,0.42494398805078415,0.35737871475742955,0.40616665049515416,0.03480175801341821,17,-0.12735695807431852,-0.14947774026973706,-0.27162527233124123,-0.18281999022509896,0.06344086931254922,24,3,3,Tongue
0.10501265525817871,0.020854987506134584,0.038648525873819985,0.008362699145444016,3,5,0.41818181818181815,0.5,0.42727272727272725,0.4484848484848485,0.03661529082907447,17,0.41117430578788894,0.49663033530243783,0.40966010733452596,0.43915491614161756,0.04064595965999597,6,-0.1732482798178737,-0.004669132619873565,-0.16025525977167804,-0.11272422406980842,0.07659038988311154,17,3,5,Tongue
0.12401556968688965,0.012592681823575372,0.04117266337076823,0.005306902678788206,3,7,0.45454545454545453,0.4909090909090909,0.39090909090909093,0.4454545454545455,0.04132782332419955,18,0.45436507936507936,0.4847775175644028,0.37600541867750403,0.4383826718689954,0.045821540684802244,7,-0.09096925576737037,-0.025230332012311705,-0.23361155737394285,-0.11660371505120831,0.08698094771417775,18,3,7,Tongue
0.10745008786519368,0.02278735791802441,0.03708028793334961,0.005154752313973638,3,10,0.45454545454545453,0.4727272727272727,0.38181818181818183,0.43636363636363634,0.039277216353987024,19,0.44797591167614587,0.4507575757575757,0.3816137566137566,0.42678241468249273,0.031959246628201134,11,-0.08448996241051222,-0.043014621578800594,-0.23576179620358723,-0.12108879339763334,0.08283507370543547,19,3,10,Tongue
0.13523467381795248,0.010035733778531956,0.0429068406422933,0.0057564144089580545,4,3,0.45454545454545453,0.5,0.4909090909090909,0.48181818181818187,0.019638608176993522,12,0.45291777188328913,0.49291760958846703,0.4298407997038134,0.4585587270585232,0.026058092380588604,5,-0.08659746875096262,-0.0074276086303597735,-0.03857583749052298,-0.0442003049572818,0.03256473208439284,12,4,3,Tongue
0.1327801545461019,0.008512897504675597,0.049216667811075844,0.004580968152583891,4,5,0.44545454545454544,0.5272727272727272,0.509090909090909,0.4939393939393939,0.035078293644818855,8,0.4450417666032586,0.5111111111111111,0.47507953340402975,0.4770774703727998,0.027009669688498685,2,-0.1062952819695908,0.0451598047499294,0.010626278551055638,-0.01683639955620192,0.06480900060907939,8,4,5,Tongue
0.13962546984354654,0.01267577782164265,0.04246044158935547,0.00922064154545391,4,7,0.4909090909090909,0.509090909090909,0.4909090909090909,0.496969696969697,0.008570991287109643,6,0.4907407407407407,0.4845539743144741,0.44999999999999996,0.4750982383517382,0.01792596247483512,3,-0.018193851153474074,0.003970223813978789,-0.03268602252303067,-0.015636549954175318,0.015073706488404037,7,4,7,Tongue
0.13391709327697754,0.012104485678431302,0.04121621449788412,0.0049413259932041325,4,10,0.4818181818181818,0.4636363636363636,0.5181818181818182,0.48787878787878786,0.022676711434993592,11,0.4797112272840428,0.4625258799171843,0.5090526315789473,0.4837632462600581,0.019209351861100243,1,-0.030849175546681366,-0.06870295140671102,0.03282191118024477,-0.02224340525771587,0.041891676918173096,9,4,10,Tongue
0.13199838002522787,0.030991947467893053,0.04149444897969564,0.0023055293511614343,5,3,0.5727272727272728,0.4636363636363636,0.5181818181818182,0.5181818181818182,0.04453617714151235,2,0.556565743202676,0.4433484861480401,0.42133995037220845,0.47375139324097487,0.05924388199880981,4,0.1769858785954793,-0.0909446661586586,0.036369648372665396,0.0408036202698287,0.10942711206750333,2,5,3,Tongue
0.11949825286865234,0.020341115039438046,0.04329578081766764,0.004356224120987522,5,5,0.45454545454545453,0.4909090909090909,0.5636363636363636,0.503030303030303,0.045353422869987156,5,0.45,0.3939393939393939,0.46100449162923646,0.4349812951895435,0.02936668126380364,9,-0.08507985277312526,-0.0712167079734213,0.21516950833023293,0.019624315861228786,0.13838711023607966,4,5,5,Tongue
0.10442217191060384,0.007470360400305742,0.04134106636047363,0.002497924420556512,5,7,0.509090909090909,0.4727272727272727,0.5454545454545454,0.509090909090909,0.02969078476100821,4,0.5064805583250249,0.3722943722943723,0.4270833333333333,0.4352860879842435,0.05508748810308018,8,0.025230332012311705,-0.1275752538516684,0.1645224813188566,0.020725853159833302,0.11929093139669604,3,5,7,Tongue
0.12290533383687337,0.013074076595251422,0.04541468620300293,0.014261771965115607,5,10,0.45454545454545453,0.4090909090909091,0.5181818181818182,0.46060606060606063,0.04474188806131333,16,0.42728219368274906,0.3581111410359996,0.482192024158451,0.42252845295906655,0.05076721335181372,12,-0.08371205282436343,-0.23670198480945456,0.03149938181430178,-0.09630488527317206,0.10985423019172715,16,5,10,Tongue
0.12152361869812012,0.008152700860305454,0.03925792376200358,0.0043408481638956805,6,3,0.4909090909090909,0.5454545454545454,0.4909090909090909,0.5090909090909091,0.02571297386132898,3,0.3939393939393939,0.43854634544712123,0.32926829268292684,0.3872513440231473,0.04486253606106226,18,0.022327722188050323,0.11043170703819484,-0.1336306209562122,-0.00029039724332234157,0.10091345956303768,6,6,3,Tongue
0.16478474934895834,0.029164534316009606,0.04514153798421224,0.009354683198316185,6,5,0.42727272727272725,0.5272727272727272,0.5181818181818182,0.4909090909090909,0.045150498259852546,9,0.3778615674656612,0.37717770034843207,0.3575757575757576,0.3708716751299503,0.009405777879028175,21,-0.15464773480452965,0.061944386520162674,0.09754025454765085,0.0016123020877612942,0.1114440541328329,5,6,5,Tongue
0.1466674009958903,0.03881844591631284,0.04389373461405436,0.009474991993829038,6,7,0.41818181818181815,0.5,0.509090909090909,0.47575757575757577,0.04088102291888497,14,0.3891010065949323,0.37622435302608515,0.3373493975903614,0.367558252403793,0.021998230741543213,22,-0.16629793453449776,-0.05986974544165249,0.0,-0.07538922665871675,0.06877204606788591,14,6,7,Tongue
0.16727821032206217,0.042089802953159554,0.04533839225769043,0.008305789248097412,6,10,0.44545454545454544,0.4909090909090909,0.4909090909090909,0.47575757575757577,0.021427478217774173,14,0.39761199389532276,0.4298407997038134,0.4219219219219219,0.4164582385070193,0.013712837253319992,14,-0.10916310692084447,-0.05176367455940987,-0.0411118261056086,-0.06734620252862097,0.02988707177116283,13,6,10,Tongue
0.2597448031107585,0.021874575093888394,0.06036114692687988,0.004456362046161404,7,3,0.5,0.5545454545454546,0.509090909090909,0.5212121212121212,0.02386062992124793,1,0.3630908516685967,0.41986869013023354,0.3373493975903614,0.3734363131297305,0.034473466511247,20,0.13122108580302266,0.2014543066421002,0.0,0.11089179748170763,0.08349019658578964,1,7,3,Tongue
0.20116074879964194,0.030409849139710426,0.06236982345581055,0.008613720873945447,7,5,0.4636363636363636,0.5181818181818182,0.509090909090909,0.4969696969696969,0.02386062992124791,7,0.33085885142798227,0.3413173652694611,0.3373493975903614,0.33650853809593495,0.004310870867943542,24,-0.10426143940249046,0.0,0.0,-0.03475381313416349,0.0491493138785142,10,7,5,Tongue
0.24040643374125162,0.019401285459432413,0.0631710688273112,0.004026724600115127,7,7,0.44545454545454544,0.5181818181818182,0.509090909090909,0.4909090909090909,0.032354782581913065,9,0.3747087876246389,0.3575757575757576,0.3373493975903614,0.35654464759691934,0.015269324297965568,23,-0.11822280517506827,0.004951739086906516,0.0,-0.03775702202938725,0.05693380145942608,11,7,7,Tongue
0.21944443384806314,0.015334553963395161,0.04523118336995443,0.004980763960970606,7,10,0.44545454545454544,0.4909090909090909,0.5,0.47878787878787876,0.02386062992124792,13,0.38298850574712645,0.41333333333333333,0.348832203207405,0.3817180140959549,0.02634779634880632,19,-0.11445491217319463,-0.05994183005587874,-0.052778851323023915,-0.07572519785069909,0.02754172767164301,15,7,10,Tongue
