mean_fit_time,std_fit_time,mean_score_time,std_score_time,param_kmer__k,param_model__C,param_model__penalty,split0_test_accuracy,split1_test_accuracy,split2_test_accuracy,mean_test_accuracy,std_test_accuracy,rank_test_accuracy,split0_test_f1_macro,split1_test_f1_macro,split2_test_f1_macro,mean_test_f1_macro,std_test_f1_macro,rank_test_f1_macro,split0_test_mcc,split1_test_mcc,split2_test_mcc,mean_test_mcc,std_test_mcc,rank_test_mcc,kmer__k,model__C,model__penalty,cancer
0.13295658429463705,0.021948561439149576,0.043346405029296875,0.005722246567200945,2,0.01,l1,0.5,0.4864864864864865,0.4931506849315068,0.49321239047266446,0.005517041329694451,28,0.3333333333333333,0.32727272727272727,0.3302752293577982,0.3302937633212863,0.0024742667717010105,31,0.0,0.0,0.0,0.0,0.0,7,2,0.01,l1,Thyroid
0.1266192595163981,0.031186190279607052,0.03768754005432129,0.008044174034718927,2,0.01,l2,0.5,0.5135135135135135,0.5068493150684932,0.5067876095273356,0.005517041329694451,5,0.3333333333333333,0.3392857142857143,0.33636363636363636,0.33632756132756136,0.002430183231327473,10,0.0,0.0,0.0,0.0,0.0,7,2,0.01,l2,Thyroid
0.14198080698649088,0.00567940550740079,0.04631996154785156,0.0018749613299722896,2,0.1,l1,0.5,0.4864864864864865,0.4931506849315068,0.49321239047266446,0.005517041329694451,28,0.3333333333333333,0.32727272727272727,0.3302752293577982,0.3302937633212863,0.0024742667717010105,31,0.0,0.0,0.0,0.0,0.0,7,2,0.1,l1,Thyroid
0.11193656921386719,0.015514913019512298,0.04418532053629557,0.0025207447413655845,2,0.1,l2,0.5,0.5135135135135135,0.5068493150684932,0.5067876095273356,0.005517041329694451,5,0.3333333333333333,0.3392857142857143,0.33636363636363636,0.33632756132756136,0.002430183231327473,10,0.0,0.0,0.0,0.0,0.0,7,2,0.1,l2,Thyroid
0.09332919120788574,0.009805927668898358,0.03478876749674479,0.006833492657956677,2,1.0,l1,0.5,0.4864864864864865,0.4931506849315068,0.49321239047266446,0.005517041329694451,28,0.3333333333333333,0.32727272727272727,0.3302752293577982,0.3302937633212863,0.0024742667717010105,31,0.0,0.0,0.0,0.0,0.0,7,2,1.0,l1,Thyroid
0.10512646039326985,0.02736444460579542,0.037575483322143555,0.006545739484057938,2,1.0,l2,0.5,0.47297297297297297,0.5205479452054794,0.4978403060594842,0.019482345925965313,27,0.3333333333333333,0.44360902255639095,0.4065040650406504,0.39448214031012485,0.045815404353229734,7,0.0,-0.07293766881670914,0.05795261481924623,-0.004995017999154303,0.0535523372735129,45,2,1.0,l2,Thyroid
0.1134487787882487,0.010901747926099447,0.044991254806518555,0.0020852806679554623,2,10.0,l1,0.6081081081081081,0.5,0.5205479452054794,0.5428853511045292,0.046876152689135905,1,0.5956284153005464,0.4977068427811411,0.5147198480531814,0.536018368711623,0.042719073240937225,1,0.23094010767585033,-0.0029401402283340075,0.04554226506698191,0.0911807441714994,0.10078738568941648,1,2,10.0,l1,Thyroid
0.12954306602478027,0.017890343171603058,0.04486767450968424,0.0014679464033969178,2,10.0,l2,0.527027027027027,0.4594594594594595,0.4931506849315068,0.4932123904726644,0.027584378458707464,46,0.4660894660894661,0.4530672579453067,0.4869895536562203,0.4687154258969977,0.013972646737053682,3,0.07332355751067664,-0.08781162074120102,-0.01687505633018262,-0.010454373186902335,0.06593964561923729,46,2,10.0,l2,Thyroid
0.14054052035013834,0.036535644184036126,0.039915243784586586,0.005373821569050105,3,0.01,l1,0.5,0.4864864864864865,0.4931506849315068,0.49321239047266446,0.005517041329694451,28,0.3333333333333333,0.32727272727272727,0.3302752293577982,0.3302937633212863,0.0024742667717010105,31,0.0,0.0,0.0,0.0,0.0,7,3,0.01,l1,Thyroid
0.12169758478800456,0.016703848488491723,0.04619860649108887,0.0028071248998681702,3,0.01,l2,0.5,0.5135135135135135,0.5068493150684932,0.5067876095273356,0.005517041329694451,5,0.3333333333333333,0.3392857142857143,0.33636363636363636,0.33632756132756136,0.002430183231327473,10,0.0,0.0,0.0,0.0,0.0,7,3,0.01,l2,Thyroid
0.1499143441518148,0.0038055043780876904,0.03818329175313314,0.002573892749767257,3,0.1,l1,0.5,0.4864864864864865,0.4931506849315068,0.49321239047266446,0.005517041329694451,28,0.3333333333333333,0.32727272727272727,0.3302752293577982,0.3302937633212863,0.0024742667717010105,31,0.0,0.0,0.0,0.0,0.0,7,3,0.1,l1,Thyroid
0.14801343282063803,0.005033449911192796,0.04696861902872721,0.0006150319018361708,3,0.1,l2,0.5,0.5135135135135135,0.5068493150684932,0.5067876095273356,0.005517041329694451,5,0.3333333333333333,0.3392857142857143,0.33636363636363636,0.33632756132756136,0.002430183231327473,10,0.0,0.0,0.0,0.0,0.0,7,3,0.1,l2,Thyroid
0.1239466667175293,0.023014767312383583,0.04238390922546387,0.006989725896518824,3,1.0,l1,0.5,0.4864864864864865,0.4931506849315068,0.49321239047266446,0.005517041329694451,28,0.3333333333333333,0.32727272727272727,0.3302752293577982,0.3302937633212863,0.0024742667717010105,31,0.0,0.0,0.0,0.0,0.0,7,3,1.0,l1,Thyroid
0.12574982643127441,0.028040548767706567,0.04222432772318522,0.0036404122216446605,3,1.0,l2,0.5,0.5135135135135135,0.5068493150684932,0.5067876095273356,0.005517041329694451,5,0.3333333333333333,0.4178321678321678,0.33636363636363636,0.36250971250971253,0.03913844002420693,8,0.0,0.009413041578748418,0.0,0.0031376805262494727,0.004437350354615953,6,3,1.0,l2,Thyroid
0.1517666975657145,0.04248279120444812,0.04688040415445963,0.0016493068880679379,3,10.0,l1,0.527027027027027,0.5945945945945946,0.4931506849315068,0.5382574355177094,0.04216877405603879,2,0.4412081984897519,0.5934065934065934,0.4927699530516432,0.5091282483159961,0.06320223214297908,2,0.08703882797784891,0.1946978894863169,-0.014274985246059059,0.0891539107393689,0.08532592718431439,2,3,10.0,l1,Thyroid
0.1608905792236328,0.009369537220486121,0.04773306846618652,0.005771180241793017,3,10.0,l2,0.5675675675675675,0.4864864864864865,0.4246575342465753,0.4929038627668764,0.05851897951203444,47,0.4825174825174825,0.47693452380952384,0.4236842105263158,0.461045405617774,0.02651649211315097,4,0.23087854826980508,-0.03465427771685422,-0.15199436768568156,0.014743300955756433,0.1601624342703408,5,3,10.0,l2,Thyroid
0.16258692741394043,0.010181212052248392,0.05254069964090983,0.0017301078777222096,4,0.01,l1,0.5,0.4864864864864865,0.4931506849315068,0.49321239047266446,0.005517041329694451,28,0.3333333333333333,0.32727272727272727,0.3302752293577982,0.3302937633212863,0.0024742667717010105,31,0.0,0.0,0.0,0.0,0.0,7,4,0.01,l1,Thyroid
0.16657153765360513,0.016264199012756254,0.052718718846639,0.0025895329312332414,4,0.01,l2,0.5,0.5135135135135135,0.5068493150684932,0.5067876095273356,0.005517041329694451,5,0.3333333333333333,0.3392857142857143,0.33636363636363636,0.33632756132756136,0.002430183231327473,10,0.0,0.0,0.0,0.0,0.0,7,4,0.01,l2,Thyroid
0.1513191064198812,0.01508451156626489,0.04276132583618164,0.008072272472021327,4,0.1,l1,0.5,0.4864864864864865,0.4931506849315068,0.49321239047266446,0.005517041329694451,28,0.3333333333333333,0.32727272727272727,0.3302752293577982,0.3302937633212863,0.0024742667717010105,31,0.0,0.0,0.0,0.0,0.0,7,4,0.1,l1,Thyroid
0.1533180077870687,0.008523104491864941,0.04431017239888509,0.009795300862974624,4,0.1,l2,0.5,0.5135135135135135,0.5068493150684932,0.5067876095273356,0.005517041329694451,5,0.3333333333333333,0.3392857142857143,0.33636363636363636,0.33632756132756136,0.002430183231327473,10,0.0,0.0,0.0,0.0,0.0,7,4,0.1,l2,Thyroid
0.17558391888936362,0.004190148261527176,0.04532869656880697,0.0029112408126659947,4,1.0,l1,0.5,0.4864864864864865,0.4931506849315068,0.49321239047266446,0.005517041329694451,28,0.3333333333333333,0.32727272727272727,0.3302752293577982,0.3302937633212863,0.0024742667717010105,31,0.0,0.0,0.0,0.0,0.0,7,4,1.0,l1,Thyroid
0.16883269945780435,0.010522109064358666,0.05008363723754883,0.003163375035823682,4,1.0,l2,0.5,0.5135135135135135,0.5068493150684932,0.5067876095273356,0.005517041329694451,5,0.3333333333333333,0.3392857142857143,0.33636363636363636,0.33632756132756136,0.002430183231327473,10,0.0,0.0,0.0,0.0,0.0,7,4,1.0,l2,Thyroid
0.16942540804545084,0.0023431110845905994,0.039676666259765625,0.006101930531669713,4,10.0,l1,0.5,0.5135135135135135,0.5068493150684932,0.5067876095273356,0.005517041329694451,5,0.3333333333333333,0.3392857142857143,0.33636363636363636,0.33632756132756136,0.002430183231327473,10,0.0,0.0,0.0,0.0,0.0,7,4,10.0,l1,Thyroid
0.15903727213541666,0.010073777289221503,0.05019728342692057,0.00479105760042749,4,10.0,l2,0.4864864864864865,0.4594594594594595,0.5205479452054794,0.4888312970504751,0.024994324357357142,48,0.32727272727272727,0.44486121530382594,0.4726522187822497,0.41492872045293433,0.06301198205574776,5,-0.11704114719613057,-0.09337045804293613,0.04087341621879402,-0.056512729673424224,0.06953714326435957,48,4,10.0,l2,Thyroid
0.18644022941589355,0.013384426262878363,0.04034264882405599,0.0068428052437023495,5,0.01,l1,0.5,0.4864864864864865,0.4931506849315068,0.49321239047266446,0.005517041329694451,28,0.3333333333333333,0.32727272727272727,0.3302752293577982,0.3302937633212863,0.0024742667717010105,31,0.0,0.0,0.0,0.0,0.0,7,5,0.01,l1,Thyroid
0.19440690676371256,0.0009133686283100695,0.04439393679300944,0.009504491205095224,5,0.01,l2,0.5,0.5135135135135135,0.5068493150684932,0.5067876095273356,0.005517041329694451,5,0.3333333333333333,0.3392857142857143,0.33636363636363636,0.33632756132756136,0.002430183231327473,10,0.0,0.0,0.0,0.0,0.0,7,5,0.01,l2,Thyroid
0.1958314577738444,0.0055804436225099785,0.043752829233805336,0.005692296212082252,5,0.1,l1,0.5,0.4864864864864865,0.4931506849315068,0.49321239047266446,0.005517041329694451,28,0.3333333333333333,0.32727272727272727,0.3302752293577982,0.3302937633212863,0.0024742667717010105,31,0.0,0.0,0.0,0.0,0.0,7,5,0.1,l1,Thyroid
0.1903510888417562,0.011759379486941751,0.0456391175587972,0.00968210989978851,5,0.1,l2,0.5,0.5135135135135135,0.5068493150684932,0.5067876095273356,0.005517041329694451,5,0.3333333333333333,0.3392857142857143,0.33636363636363636,0.33632756132756136,0.002430183231327473,10,0.0,0.0,0.0,0.0,0.0,7,5,0.1,l2,Thyroid
0.19788638750712076,0.004700819166252776,0.042749484380086265,0.006378025403980073,5,1.0,l1,0.5,0.4864864864864865,0.4931506849315068,0.49321239047266446,0.005517041329694451,28,0.3333333333333333,0.32727272727272727,0.3302752293577982,0.3302937633212863,0.0024742667717010105,31,0.0,0.0,0.0,0.0,0.0,7,5,1.0,l1,Thyroid
0.1839610735575358,0.013861435202806268,0.04569244384765625,0.007434732231235777,5,1.0,l2,0.5,0.5135135135135135,0.5068493150684932,0.5067876095273356,0.005517041329694451,5,0.3333333333333333,0.3392857142857143,0.33636363636363636,0.33632756132756136,0.002430183231327473,10,0.0,0.0,0.0,0.0,0.0,7,5,1.0,l2,Thyroid
0.1993690331776937,0.005017926140142222,0.04947519302368164,0.0004940990606175205,5,10.0,l1,0.5,0.5135135135135135,0.5068493150684932,0.5067876095273356,0.005517041329694451,5,0.3333333333333333,0.3392857142857143,0.33636363636363636,0.33632756132756136,0.002430183231327473,10,0.0,0.0,0.0,0.0,0.0,7,5,10.0,l1,Thyroid
0.1803290049235026,0.01814103772410082,0.04443669319152832,0.008809298400257981,5,10.0,l2,0.5,0.5135135135135135,0.5205479452054794,0.5113538195729976,0.008526535892118279,3,0.3333333333333333,0.475177304964539,0.38773064941289237,0.3987470959035882,0.05842915734454472,6,0.0,0.015328483487124145,0.07184918344911904,0.029059222312081065,0.030897423647565123,3,5,10.0,l2,Thyroid
0.23273213704427084,0.0048922110557766425,0.045061349868774414,0.0074597646515694345,6,0.01,l1,0.5,0.4864864864864865,0.4931506849315068,0.49321239047266446,0.005517041329694451,28,0.3333333333333333,0.32727272727272727,0.3302752293577982,0.3302937633212863,0.0024742667717010105,31,0.0,0.0,0.0,0.0,0.0,7,6,0.01,l1,Thyroid
0.2252953847249349,0.015514726120199565,0.04351615905761719,0.009238473101364008,6,0.01,l2,0.5,0.5135135135135135,0.5068493150684932,0.5067876095273356,0.005517041329694451,5,0.3333333333333333,0.3392857142857143,0.33636363636363636,0.33632756132756136,0.002430183231327473,10,0.0,0.0,0.0,0.0,0.0,7,6,0.01,l2,Thyroid
0.21032381057739258,0.030566706817286748,0.04895965258280436,0.007111241279773508,6,0.1,l1,0.5,0.4864864864864865,0.4931506849315068,0.49321239047266446,0.005517041329694451,28,0.3333333333333333,0.32727272727272727,0.3302752293577982,0.3302937633212863,0.0024742667717010105,31,0.0,0.0,0.0,0.0,0.0,7,6,0.1,l1,Thyroid
0.20275195439656576,0.03374462108469315,0.043121337890625,0.008088001004967326,6,0.1,l2,0.5,0.5135135135135135,0.5068493150684932,0.5067876095273356,0.005517041329694451,5,0.3333333333333333,0.3392857142857143,0.33636363636363636,0.33632756132756136,0.002430183231327473,10,0.0,0.0,0.0,0.0,0.0,7,6,0.1,l2,Thyroid
0.22725518544514975,0.019563642830308557,0.04219802220662435,0.008652908001359256,6,1.0,l1,0.5,0.4864864864864865,0.4931506849315068,0.49321239047266446,0.005517041329694451,28,0.3333333333333333,0.32727272727272727,0.3302752293577982,0.3302937633212863,0.0024742667717010105,31,0.0,0.0,0.0,0.0,0.0,7,6,1.0,l1,Thyroid
0.24201361338297525,0.00569255182864047,0.054851929346720375,0.0013970564138504867,6,1.0,l2,0.5,0.5135135135135135,0.5068493150684932,0.5067876095273356,0.005517041329694451,5,0.3333333333333333,0.3392857142857143,0.33636363636363636,0.33632756132756136,0.002430183231327473,10,0.0,0.0,0.0,0.0,0.0,7,6,1.0,l2,Thyroid
0.23476306597391763,0.0018123235748536354,0.04592442512512207,0.006368317364690029,6,10.0,l1,0.5,0.5135135135135135,0.5068493150684932,0.5067876095273356,0.005517041329694451,5,0.3333333333333333,0.3392857142857143,0.33636363636363636,0.33632756132756136,0.002430183231327473,10,0.0,0.0,0.0,0.0,0.0,7,6,10.0,l1,Thyroid
0.2245474656422933,0.019310705236304494,0.04831337928771973,0.009185942856047482,6,10.0,l2,0.5,0.527027027027027,0.5068493150684932,0.51129211403184,0.011472253322733323,4,0.3333333333333333,0.39073159256645495,0.33636363636363636,0.35347618742114156,0.026372581639775676,9,0.0,0.07410152416731725,0.0,0.024700508055772414,0.03493179348997924,4,6,10.0,l2,Thyroid
0.2639072736104329,0.025448742414701995,0.04262359937032064,0.0012235635027095409,7,0.01,l1,0.5,0.4864864864864865,0.4931506849315068,0.49321239047266446,0.005517041329694451,28,0.3333333333333333,0.32727272727272727,0.3302752293577982,0.3302937633212863,0.0024742667717010105,31,0.0,0.0,0.0,0.0,0.0,7,7,0.01,l1,Thyroid
0.27466368675231934,0.035183478779831925,0.05137960116068522,0.008616673911152202,7,0.01,l2,0.5,0.5135135135135135,0.5068493150684932,0.5067876095273356,0.005517041329694451,5,0.3333333333333333,0.3392857142857143,0.33636363636363636,0.33632756132756136,0.002430183231327473,10,0.0,0.0,0.0,0.0,0.0,7,7,0.01,l2,Thyroid
0.25226839383443195,0.05251712898383153,0.043198744455973305,0.0012212150019148033,7,0.1,l1,0.5,0.4864864864864865,0.4931506849315068,0.49321239047266446,0.005517041329694451,28,0.3333333333333333,0.32727272727272727,0.3302752293577982,0.3302937633212863,0.0024742667717010105,31,0.0,0.0,0.0,0.0,0.0,7,7,0.1,l1,Thyroid
0.2481365203857422,0.0252858451694615,0.07233015696207683,0.014604536148313686,7,0.1,l2,0.5,0.5135135135135135,0.5068493150684932,0.5067876095273356,0.005517041329694451,5,0.3333333333333333,0.3392857142857143,0.33636363636363636,0.33632756132756136,0.002430183231327473,10,0.0,0.0,0.0,0.0,0.0,7,7,0.1,l2,Thyroid
0.24686765670776367,0.03780444955896277,0.052593231201171875,0.005842179033960068,7,1.0,l1,0.5,0.4864864864864865,0.4931506849315068,0.49321239047266446,0.005517041329694451,28,0.3333333333333333,0.32727272727272727,0.3302752293577982,0.3302937633212863,0.0024742667717010105,31,0.0,0.0,0.0,0.0,0.0,7,7,1.0,l1,Thyroid
0.2688993612925212,0.030923162380040187,0.04689892133076986,0.009151135348748595,7,1.0,l2,0.5,0.5135135135135135,0.5068493150684932,0.5067876095273356,0.005517041329694451,5,0.3333333333333333,0.3392857142857143,0.33636363636363636,0.33632756132756136,0.002430183231327473,10,0.0,0.0,0.0,0.0,0.0,7,7,1.0,l2,Thyroid
0.27441859245300293,0.017527814508718997,0.050124565760294594,0.007293676139994143,7,10.0,l1,0.5,0.5135135135135135,0.5068493150684932,0.5067876095273356,0.005517041329694451,5,0.3333333333333333,0.3392857142857143,0.33636363636363636,0.33632756132756136,0.002430183231327473,10,0.0,0.0,0.0,0.0,0.0,7,7,10.0,l1,Thyroid
0.19454852739969888,0.0062483650885623255,0.04355168342590332,0.004366641411711901,7,10.0,l2,0.5,0.5,0.5068493150684932,0.502283105022831,0.0032287980876098193,26,0.3333333333333333,0.3333333333333333,0.33636363636363636,0.33434343434343433,0.0014284985478516202,30,0.0,-0.11391948737358638,0.0,-0.03797316245786213,0.05370216135410547,47,7,10.0,l2,Thyroid
0.0805504322052002,0.010498819136815829,0.026224533716837566,0.010918907211179033,2,0.01,l1,0.4818181818181818,0.4818181818181818,0.4909090909090909,0.48484848484848486,0.004285495643554835,34,0.32515337423312884,0.32515337423312884,0.32926829268292684,0.32652501371639486,0.001939791159921201,37,0.0,0.0,0.0,0.0,0.0,2,2,0.01,l1,Tongue
0.07814915974934895,0.013194418090480534,0.02499707539876302,0.005286418139475503,2,0.01,l2,0.5181818181818182,0.5181818181818182,0.509090909090909,0.5151515151515151,0.004285495643554862,2,0.3413173652694611,0.3413173652694611,0.3373493975903614,0.3399947093764279,0.0018705179022802877,7,0.0,0.0,0.0,0.0,0.0,2,2,0.01,l2,Tongue
0.10486539204915364,0.007390185499307987,0.038667917251586914,0.00890749733579152,2,0.1,l1,0.4818181818181818,0.4818181818181818,0.4909090909090909,0.48484848484848486,0.004285495643554835,34,0.32515337423312884,0.32515337423312884,0.32926829268292684,0.32652501371639486,0.001939791159921201,37,0.0,0.0,0.0,0.0,0.0,2,2,0.1,l1,Tongue
0.10573474566141765,0.019980919242984993,0.0335846741994222,0.01317625436311896,2,0.1,l2,0.5181818181818182,0.5181818181818182,0.509090909090909,0.5151515151515151,0.004285495643554862,2,0.3413173652694611,0.3413173652694611,0.3373493975903614,0.3399947093764279,0.0018705179022802877,7,0.0,0.0,0.0,0.0,0.0,2,2,0.1,l2,Tongue
0.09727740287780762,0.01444870260603565,0.040507872899373375,0.005243869037236377,2,1.0,l1,0.5181818181818182,0.5181818181818182,0.509090909090909,0.5151515151515151,0.004285495643554862,2,0.3413173652694611,0.3413173652694611,0.3373493975903614,0.3399947093764279,0.0018705179022802877,7,0.0,0.0,0.0,0.0,0.0,2,2,1.0,l1,Tongue
0.11413145065307617,0.01422049679585314,0.04092224438985189,0.004727603847975424,2,1.0,l2,0.5181818181818182,0.5181818181818182,0.509090909090909,0.5151515151515151,0.004285495643554862,2,0.3413173652694611,0.3413173652694611,0.3373493975903614,0.3399947093764279,0.0018705179022802877,7,0.0,0.0,0.0,0.0,0.0,2,2,1.0,l2,Tongue
0.11787811915079753,0.011070500330494143,0.04091580708821615,0.004393680233396976,2,10.0,l1,0.4818181818181818,0.4,0.5,0.46060606060606063,0.04349303058911309,47,0.47447824993713855,0.375,0.348832203207405,0.3994368177148478,0.05412701611163704,2,-0.04456565178215864,-0.22904441061578235,-0.052778851323023915,-0.10879630457365497,0.08509433751906782,46,2,10.0,l1,Tongue
0.12242801984151204,0.014453890674456763,0.03692150115966797,0.00676782793451777,2,10.0,l2,0.4727272727272727,0.4090909090909091,0.4818181818181818,0.4545454545454546,0.03235478258191305,48,0.4415266106442577,0.35064935064935066,0.3399305190020002,0.37736882676520284,0.04557696247136772,4,-0.0783086700537139,-0.24508752888573512,-0.12698412698412698,-0.15012677530785867,0.07002610735482757,48,2,10.0,l2,Tongue
0.1060938040415446,0.015582684123849982,0.03677058219909668,0.008556362275276432,3,0.01,l1,0.4818181818181818,0.4818181818181818,0.4909090909090909,0.48484848484848486,0.004285495643554835,34,0.32515337423312884,0.32515337423312884,0.32926829268292684,0.32652501371639486,0.001939791159921201,37,0.0,0.0,0.0,0.0,0.0,2,3,0.01,l1,Tongue
0.12329562505086263,0.007894384262582902,0.04118641217549642,0.005294847722702044,3,0.01,l2,0.5181818181818182,0.5181818181818182,0.509090909090909,0.5151515151515151,0.004285495643554862,2,0.3413173652694611,0.3413173652694611,0.3373493975903614,0.3399947093764279,0.0018705179022802877,7,0.0,0.0,0.0,0.0,0.0,2,3,0.01,l2,Tongue
0.13287766774495444,0.015806087812819152,0.04376967748006185,0.005656693587651161,3,0.1,l1,0.4818181818181818,0.4818181818181818,0.4909090909090909,0.48484848484848486,0.004285495643554835,34,0.32515337423312884,0.32515337423312884,0.32926829268292684,0.32652501371639486,0.001939791159921201,37,0.0,0.0,0.0,0.0,0.0,2,3,0.1,l1,Tongue
0.13500340779622397,0.011131773419731024,0.04270291328430176,0.004296612865091942,3,0.1,l2,0.5181818181818182,0.5181818181818182,0.509090909090909,0.5151515151515151,0.004285495643554862,2,0.3413173652694611,0.3413173652694611,0.3373493975903614,0.3399947093764279,0.0018705179022802877,7,0.0,0.0,0.0,0.0,0.0,2,3,0.1,l2,Tongue
0.11568522453308105,0.006651990236118558,0.03716595967610677,0.010922862852450572,3,1.0,l1,0.5181818181818182,0.5181818181818182,0.509090909090909,0.5151515151515151,0.004285495643554862,2,0.3413173652694611,0.3413173652694611,0.3373493975903614,0.3399947093764279,0.0018705179022802877,7,0.0,0.0,0.0,0.0,0.0,2,3,1.0,l1,Tongue
0.12410608927408855,0.014512932494772231,0.03464635213216146,0.010337688459182384,3,1.0,l2,0.5181818181818182,0.5181818181818182,0.509090909090909,0.5151515151515151,0.004285495643554862,2,0.3413173652694611,0.3413173652694611,0.3373493975903614,0.3399947093764279,0.0018705179022802877,7,0.0,0.0,0.0,0.0,0.0,2,3,1.0,l2,Tongue
0.13089712460835776,0.014146426086018965,0.040131568908691406,0.0055785459354204545,3,10.0,l1,0.4909090909090909,0.4818181818181818,0.5181818181818182,0.4969696969696969,0.015451574283614506,33,0.455638034641216,0.42344827586206896,0.4567141925263256,0.4452668343432035,0.01543430485627039,1,-0.04016676974083806,-0.07277540461389631,0.03236259435680223,-0.026859859999310714,0.04394166657469512,44,3,10.0,l1,Tongue
0.13583970069885254,0.005067266056469375,0.04312650362650553,0.005584498423190532,3,10.0,l2,0.5,0.4636363636363636,0.4636363636363636,0.47575757575757577,0.01714198257421934,46,0.44367816091954027,0.3865204650723131,0.3167701863354037,0.382322937442419,0.051894912608172264,3,-0.027290776730211116,-0.1314443131989032,-0.21428571428571427,-0.12434026807160954,0.07650545627916396,47,3,10.0,l2,Tongue
0.1416505972544352,0.014333078529314263,0.043766021728515625,0.005316030946886423,4,0.01,l1,0.4818181818181818,0.4818181818181818,0.4909090909090909,0.48484848484848486,0.004285495643554835,34,0.32515337423312884,0.32515337423312884,0.32926829268292684,0.32652501371639486,0.001939791159921201,37,0.0,0.0,0.0,0.0,0.0,2,4,0.01,l1,Tongue
0.1498572826385498,0.009853279254498425,0.03968310356140137,0.009801084300620797,4,0.01,l2,0.5181818181818182,0.5181818181818182,0.509090909090909,0.5151515151515151,0.004285495643554862,2,0.3413173652694611,0.3413173652694611,0.3373493975903614,0.3399947093764279,0.0018705179022802877,7,0.0,0.0,0.0,0.0,0.0,2,4,0.01,l2,Tongue
0.15134835243225098,0.009865114737627745,0.047740936279296875,0.004192876207261021,4,0.1,l1,0.4818181818181818,0.4818181818181818,0.4909090909090909,0.48484848484848486,0.004285495643554835,34,0.32515337423312884,0.32515337423312884,0.32926829268292684,0.32652501371639486,0.001939791159921201,37,0.0,0.0,0.0,0.0,0.0,2,4,0.1,l1,Tongue
0.14147575696309408,0.035204983671505555,0.03561592102050781,0.011307584875364323,4,0.1,l2,0.5181818181818182,0.5181818181818182,0.509090909090909,0.5151515151515151,0.004285495643554862,2,0.3413173652694611,0.3413173652694611,0.3373493975903614,0.3399947093764279,0.0018705179022802877,7,0.0,0.0,0.0,0.0,0.0,2,4,0.1,l2,Tongue
0.1596225102742513,0.023306265967804086,0.04062525431315104,0.0076263030969635865,4,1.0,l1,0.5181818181818182,0.5181818181818182,0.509090909090909,0.5151515151515151,0.004285495643554862,2,0.3413173652694611,0.3413173652694611,0.3373493975903614,0.3399947093764279,0.0018705179022802877,7,0.0,0.0,0.0,0.0,0.0,2,4,1.0,l1,Tongue
0.15910673141479492,0.011350226735264982,0.04013363520304362,0.0002364559722168951,4,1.0,l2,0.5181818181818182,0.5181818181818182,0.509090909090909,0.5151515151515151,0.004285495643554862,2,0.3413173652694611,0.3413173652694611,0.3373493975903614,0.3399947093764279,0.0018705179022802877,7,0.0,0.0,0.0,0.0,0.0,2,4,1.0,l2,Tongue
0.1587855021158854,0.007831176180501723,0.043752193450927734,0.006055293406550943,4,10.0,l1,0.5181818181818182,0.5,0.509090909090909,0.509090909090909,0.007422696190252057,32,0.3413173652694611,0.3630908516685967,0.4050480769230769,0.36981876462037827,0.02644931645599615,6,0.0,-0.0713770209973538,0.005750546327852952,-0.021875491556500284,0.03508150755507295,43,4,10.0,l1,Tongue
0.1577425797780355,0.014003180671219868,0.0406038761138916,0.00924726423965429,4,10.0,l2,0.5272727272727272,0.509090909090909,0.5181818181818182,0.5181818181818181,0.007422696190252057,1,0.4041666666666667,0.367816091954023,0.3575757575757576,0.37651950539881573,0.019991502472677204,5,0.04675263530206393,-0.03573201432580911,0.09754025454765085,0.036186958507968554,0.054918725144574104,1,4,10.0,l2,Tongue
0.16857258478800455,0.01713839456302816,0.03921627998352051,0.006162614306643069,5,0.01,l1,0.4818181818181818,0.4818181818181818,0.4909090909090909,0.48484848484848486,0.004285495643554835,34,0.32515337423312884,0.32515337423312884,0.32926829268292684,0.32652501371639486,0.001939791159921201,37,0.0,0.0,0.0,0.0,0.0,2,5,0.01,l1,Tongue
0.17983380953470865,0.011528395661213246,0.04536763827006022,0.005024959914301026,5,0.01,l2,0.5181818181818182,0.5181818181818182,0.509090909090909,0.5151515151515151,0.004285495643554862,2,0.3413173652694611,0.3413173652694611,0.3373493975903614,0.3399947093764279,0.0018705179022802877,7,0.0,0.0,0.0,0.0,0.0,2,5,0.01,l2,Tongue
0.1700291633605957,0.024799299653873792,0.03745675086975098,0.014754852230382672,5,0.1,l1,0.4818181818181818,0.4818181818181818,0.4909090909090909,0.48484848484848486,0.004285495643554835,34,0.32515337423312884,0.32515337423312884,0.32926829268292684,0.32652501371639486,0.001939791159921201,37,0.0,0.0,0.0,0.0,0.0,2,5,0.1,l1,Tongue
0.1607518990834554,0.023586759318817527,0.040832201639811196,0.009415212516814389,5,0.1,l2,0.5181818181818182,0.5181818181818182,0.509090909090909,0.5151515151515151,0.004285495643554862,2,0.3413173652694611,0.3413173652694611,0.3373493975903614,0.3399947093764279,0.0018705179022802877,7,0.0,0.0,0.0,0.0,0.0,2,5,0.1,l2,Tongue
0.17536664009094238,0.007667520778166972,0.04616189002990723,0.007236141240713495,5,1.0,l1,0.5181818181818182,0.5181818181818182,0.509090909090909,0.5151515151515151,0.004285495643554862,2,0.3413173652694611,0.3413173652694611,0.3373493975903614,0.3399947093764279,0.0018705179022802877,7,0.0,0.0,0.0,0.0,0.0,2,5,1.0,l1,Tongue
0.1664417584737142,0.014605505468959772,0.038756211598714195,0.009155875744009131,5,1.0,l2,0.5181818181818182,0.5181818181818182,0.509090909090909,0.5151515151515151,0.004285495643554862,2,0.3413173652694611,0.3413173652694611,0.3373493975903614,0.3399947093764279,0.0018705179022802877,7,0.0,0.0,0.0,0.0,0.0,2,5,1.0,l2,Tongue
0.16550151507059732,0.010754724373256579,0.04122455914815267,0.008683210565153135,5,10.0,l1,0.5181818181818182,0.5181818181818182,0.509090909090909,0.5151515151515151,0.004285495643554862,2,0.3413173652694611,0.3413173652694611,0.3373493975903614,0.3399947093764279,0.0018705179022802877,7,0.0,0.0,0.0,0.0,0.0,2,5,10.0,l1,Tongue
0.17339960734049478,0.014206098498118623,0.03973690668741862,0.009794905955785164,5,10.0,l2,0.5181818181818182,0.509090909090909,0.509090909090909,0.5121212121212121,0.004285495643554862,31,0.3413173652694611,0.3373493975903614,0.3373493975903614,0.33867205348339463,0.0018705179022802877,36,0.0,-0.09236070898025277,0.0,-0.03078690299341759,0.04353925575675599,45,5,10.0,l2,Tongue
0.2109971841176351,0.015787114283606695,0.04816794395446777,0.006689081070999119,6,0.01,l1,0.4818181818181818,0.4818181818181818,0.4909090909090909,0.48484848484848486,0.004285495643554835,34,0.32515337423312884,0.32515337423312884,0.32926829268292684,0.32652501371639486,0.001939791159921201,37,0.0,0.0,0.0,0.0,0.0,2,6,0.01,l1,Tongue
0.20366438229878744,0.01709217500775265,0.0399331251780192,0.009449613701445559,6,0.01,l2,0.5181818181818182,0.5181818181818182,0.509090909090909,0.5151515151515151,0.004285495643554862,2,0.3413173652694611,0.3413173652694611,0.3373493975903614,0.3399947093764279,0.0018705179022802877,7,0.0,0.0,0.0,0.0,0.0,2,6,0.01,l2,Tongue
0.1827398141225179,0.023392321466899017,0.033765554428100586,0.002729525381745048,6,0.1,l1,0.4818181818181818,0.4818181818181818,0.4909090909090909,0.48484848484848486,0.004285495643554835,34,0.32515337423312884,0.32515337423312884,0.32926829268292684,0.32652501371639486,0.001939791159921201,37,0.0,0.0,0.0,0.0,0.0,2,6,0.1,l1,Tongue
0.19142603874206543,0.01601501495548467,0.04383603731791178,0.010766659755033032,6,0.1,l2,0.5181818181818182,0.5181818181818182,0.509090909090909,0.5151515151515151,0.004285495643554862,2,0.3413173652694611,0.3413173652694611,0.3373493975903614,0.3399947093764279,0.0018705179022802877,7,0.0,0.0,0.0,0.0,0.0,2,6,0.1,l2,Tongue
0.19645317395528158,0.016825270937910714,0.04055666923522949,0.007026780523953801,6,1.0,l1,0.5181818181818182,0.5181818181818182,0.509090909090909,0.5151515151515151,0.004285495643554862,2,0.3413173652694611,0.3413173652694611,0.3373493975903614,0.3399947093764279,0.0018705179022802877,7,0.0,0.0,0.0,0.0,0.0,2,6,1.0,l1,Tongue
0.2018733024597168,0.02804245983255378,0.04319000244140625,0.004036565260203826,6,1.0,l2,0.5181818181818182,0.5181818181818182,0.509090909090909,0.5151515151515151,0.004285495643554862,2,0.3413173652694611,0.3413173652694611,0.3373493975903614,0.3399947093764279,0.0018705179022802877,7,0.0,0.0,0.0,0.0,0.0,2,6,1.0,l2,Tongue
0.2075657844543457,0.01157388395720388,0.0404967466990153,0.012118890778444524,6,10.0,l1,0.5181818181818182,0.5181818181818182,0.509090909090909,0.5151515151515151,0.004285495643554862,2,0.3413173652694611,0.3413173652694611,0.3373493975903614,0.3399947093764279,0.0018705179022802877,7,0.0,0.0,0.0,0.0,0.0,2,6,10.0,l1,Tongue
0.196029265721639,0.017536381807048074,0.033315579096476235,0.0029519895537191607,6,10.0,l2,0.5181818181818182,0.5181818181818182,0.509090909090909,0.5151515151515151,0.004285495643554862,2,0.3413173652694611,0.3413173652694611,0.3373493975903614,0.3399947093764279,0.0018705179022802877,7,0.0,0.0,0.0,0.0,0.0,2,6,10.0,l2,Tongue
0.2490541934967041,0.025692857120818736,0.040237744649251304,0.0038523023601849758,7,0.01,l1,0.4818181818181818,0.4818181818181818,0.4909090909090909,0.48484848484848486,0.004285495643554835,34,0.32515337423312884,0.32515337423312884,0.32926829268292684,0.32652501371639486,0.001939791159921201,37,0.0,0.0,0.0,0.0,0.0,2,7,0.01,l1,Tongue
0.23186643918355307,0.01954104923196935,0.04171482721964518,0.01543178637827051,7,0.01,l2,0.5181818181818182,0.5181818181818182,0.509090909090909,0.5151515151515151,0.004285495643554862,2,0.3413173652694611,0.3413173652694611,0.3373493975903614,0.3399947093764279,0.0018705179022802877,7,0.0,0.0,0.0,0.0,0.0,2,7,0.01,l2,Tongue
0.2100969155629476,0.034656327069682163,0.03617715835571289,0.006392830001595475,7,0.1,l1,0.4818181818181818,0.4818181818181818,0.4909090909090909,0.48484848484848486,0.004285495643554835,34,0.32515337423312884,0.32515337423312884,0.32926829268292684,0.32652501371639486,0.001939791159921201,37,0.0,0.0,0.0,0.0,0.0,2,7,0.1,l1,Tongue
0.20914522806803384,0.00568041950419893,0.048114379247029625,0.014846108326283976,7,0.1,l2,0.5181818181818182,0.5181818181818182,0.509090909090909,0.5151515151515151,0.004285495643554862,2,0.3413173652694611,0.3413173652694611,0.3373493975903614,0.3399947093764279,0.0018705179022802877,7,0.0,0.0,0.0,0.0,0.0,2,7,0.1,l2,Tongue
0.2288519541422526,0.0284490779395893,0.040344953536987305,0.006335985819786233,7,1.0,l1,0.5181818181818182,0.5181818181818182,0.509090909090909,0.5151515151515151,0.004285495643554862,2,0.3413173652694611,0.3413173652694611,0.3373493975903614,0.3399947093764279,0.0018705179022802877,7,0.0,0.0,0.0,0.0,0.0,2,7,1.0,l1,Tongue
0.22078227996826172,0.03674928900805589,0.04660669962565104,0.0036262441985454494,7,1.0,l2,0.5181818181818182,0.5181818181818182,0.509090909090909,0.5151515151515151,0.004285495643554862,2,0.3413173652694611,0.3413173652694611,0.3373493975903614,0.3399947093764279,0.0018705179022802877,7,0.0,0.0,0.0,0.0,0.0,2,7,1.0,l2,Tongue
0.20716452598571777,0.019895732568660143,0.03645030657450358,0.003552083382600115,7,10.0,l1,0.5181818181818182,0.5181818181818182,0.509090909090909,0.5151515151515151,0.004285495643554862,2,0.3413173652694611,0.3413173652694611,0.3373493975903614,0.3399947093764279,0.0018705179022802877,7,0.0,0.0,0.0,0.0,0.0,2,7,10.0,l1,Tongue
0.23546687761942545,0.018679925680384468,0.04501533508300781,0.01003582327220179,7,10.0,l2,0.5181818181818182,0.5181818181818182,0.509090909090909,0.5151515151515151,0.004285495643554862,2,0.3413173652694611,0.3413173652694611,0.3373493975903614,0.3399947093764279,0.0018705179022802877,7,0.0,0.0,0.0,0.0,0.0,2,7,10.0,l2,Tongue
