mean_fit_time,std_fit_time,mean_score_time,std_score_time,param_kmer__k,param_model__alpha,param_model__hidden_layer_sizes,split0_test_accuracy,split1_test_accuracy,split2_test_accuracy,mean_test_accuracy,std_test_accuracy,rank_test_accuracy,split0_test_f1_macro,split1_test_f1_macro,split2_test_f1_macro,mean_test_f1_macro,std_test_f1_macro,rank_test_f1_macro,split0_test_mcc,split1_test_mcc,split2_test_mcc,mean_test_mcc,std_test_mcc,rank_test_mcc,kmer__k,model__alpha,model__hidden_layer_sizes,cancer
0.1799910068511963,0.03350161045043684,0.04692371686299642,0.010912581345843123,2,0.0001,"(32, 16)",0.5135135135135135,0.5405405405405406,0.5205479452054794,0.5248673330865111,0.011448664586754679,9,0.3626794258373206,0.4175925925925926,0.3664765683114307,0.38224952891378133,0.02503935150112793,31,0.11704114719613057,0.12602959432854072,0.11947673982003648,0.12084916044823592,0.0037956729090341426,1,2,0.0001,"(32, 16)",Thyroid
0.1446110407511393,0.012810975736092692,0.03844944636027018,0.0023714065143729374,2,0.0001,"(100,)",0.5,0.527027027027027,0.5068493150684932,0.51129211403184,0.011472253322733323,18,0.3333333333333333,0.36936936936936937,0.33636363636363636,0.34635544635544635,0.016320256809293734,35,0.0,0.12024834778323008,0.0,0.040082782594410026,0.0566856147626669,13,2,0.0001,"(100,)",Thyroid
2.111910661061605,1.337134812343035,0.045565525690714516,0.011648116388148421,2,0.0001,"(128, 64)",0.5,0.44594594594594594,0.4520547945205479,0.4660002468221646,0.024170462964013872,36,0.3333333333333333,0.4458447488584475,0.4519519519519519,0.41037667804791095,0.054534895287410554,29,0.0,-0.10684236221021502,-0.09541700664471055,-0.06741978961830852,0.047900631252502206,35,2,0.0001,"(128, 64)",Thyroid
0.16124320030212402,0.01326198004736841,0.04259165128072103,0.005385424345867895,2,0.001,"(32, 16)",0.5135135135135135,0.5405405405405406,0.5205479452054794,0.5248673330865111,0.011448664586754679,9,0.3626794258373206,0.4175925925925926,0.3664765683114307,0.38224952891378133,0.02503935150112793,31,0.11704114719613057,0.12602959432854072,0.11947673982003648,0.12084916044823592,0.0037956729090341426,1,2,0.001,"(32, 16)",Thyroid
0.16819429397583008,0.013250766660926424,0.04910548528035482,0.0006580157073576677,2,0.001,"(100,)",0.5,0.527027027027027,0.5068493150684932,0.51129211403184,0.011472253322733323,18,0.3333333333333333,0.36936936936936937,0.33636363636363636,0.34635544635544635,0.016320256809293734,35,0.0,0.12024834778323008,0.0,0.040082782594410026,0.0566856147626669,13,2,0.001,"(100,)",Thyroid
3.029564619064331,2.0980949328382397,0.046474059422810875,0.0023734200309901273,2,0.001,"(128, 64)",0.5,0.44594594594594594,0.4794520547945205,0.4751326669134888,0.022277836873894077,33,0.3333333333333333,0.4458447488584475,0.47935435435435436,0.41951081218204506,0.06245340562191383,27,0.0,-0.10814761408717502,-0.04057101069932575,-0.04957287492883359,0.04460756122670986,32,2,0.001,"(128, 64)",Thyroid
1.332733392715454,1.6679276524285855,0.05148895581563314,0.003203513970441698,3,0.0001,"(32, 16)",0.5,0.5135135135135135,0.5616438356164384,0.525052449709984,0.026455634608230204,6,0.3333333333333333,0.3392857142857143,0.5609022556390977,0.41117376775271514,0.10590191302429348,28,0.0,0.0,0.1226489204592381,0.0408829734864127,0.057817255574624506,12,3,0.0001,"(32, 16)",Thyroid
3.317208210627238,0.3165777834794285,0.057111899058024086,0.006802792841068018,3,0.0001,"(100,)",0.5405405405405406,0.5675675675675675,0.547945205479452,0.5520177711958534,0.011403344278930264,3,0.5375,0.5624538063562454,0.5476056338028169,0.5491864800530207,0.010248493192215677,3,0.08216865534971651,0.1461506495015156,0.09706571005669763,0.10846167163597659,0.027335262319910944,5,3,0.0001,"(100,)",Thyroid
5.347609122594197,0.40941310746756054,0.051767587661743164,0.0029944432564244353,3,0.0001,"(128, 64)",0.581081081081081,0.5540540540540541,0.5342465753424658,0.5564605701592003,0.019195680447578866,1,0.5772986917265523,0.5533199195171026,0.5334586466165414,0.5546924192867321,0.017923917085376426,2,0.1651445647689541,0.11172532867669228,0.06772026283025416,0.11486338542530018,0.03983515367259472,3,3,0.0001,"(128, 64)",Thyroid
1.6237335205078125,2.028033345749733,0.05491717656453451,0.013178017905822355,3,0.001,"(32, 16)",0.5,0.5135135135135135,0.5205479452054794,0.5113538195729976,0.008526535892118279,17,0.3333333333333333,0.3392857142857143,0.5201877934272301,0.3976022803487593,0.08671510334532091,30,0.0,0.0,0.04057101069932575,0.013523670233108583,0.019125357856723472,22,3,0.001,"(32, 16)",Thyroid
3.444035053253174,0.4240541523380208,0.0619351863861084,0.002981097464531721,3,0.001,"(100,)",0.5405405405405406,0.5540540540540541,0.547945205479452,0.5475132666913489,0.005525316896340512,4,0.5375,0.5473586654309546,0.5476056338028169,0.544154766411257,0.004706710481533969,4,0.08216865534971651,0.11991768260032871,0.09706571005669763,0.09971734933558095,0.01552461825061201,6,3,0.001,"(100,)",Thyroid
4.490716377894084,0.8172239445053631,0.04936011632283529,0.007295751906144606,3,0.001,"(128, 64)",0.581081081081081,0.581081081081081,0.5068493150684932,0.5563371590768851,0.03499319008463597,2,0.5772986917265523,0.5810045662100456,0.5060150375939849,0.5547727651768609,0.03451009877032436,1,0.1651445647689541,0.16392252832252166,0.01279160520127023,0.11395289943091531,0.07153357687562636,4,3,0.001,"(128, 64)",Thyroid
0.2979368368784587,0.013700209846479761,0.058580875396728516,0.005622449861234228,4,0.0001,"(32, 16)",0.5,0.527027027027027,0.5068493150684932,0.51129211403184,0.011472253322733323,18,0.3333333333333333,0.39073159256645495,0.33636363636363636,0.35347618742114156,0.026372581639775676,33,0.0,0.07410152416731725,0.0,0.024700508055772414,0.03493179348997924,17,4,0.0001,"(32, 16)",Thyroid
5.411655108133952,0.5685700898284224,0.039786736170450844,0.0019942517009350143,4,0.0001,"(100,)",0.44594594594594594,0.581081081081081,0.5068493150684932,0.51129211403184,0.055258061456945465,18,0.44094343099318223,0.5810045662100456,0.504524886877828,0.5088242946936853,0.05726048131264943,12,-0.11009637651263605,0.16392252832252166,0.012103220702193286,0.021976457504026298,0.11208538606935223,21,4,0.0001,"(100,)",Thyroid
3.2839767932891846,0.6467904407082954,0.06483268737792969,0.004168771361098547,4,0.0001,"(128, 64)",0.44594594594594594,0.5945945945945946,0.5342465753424658,0.5249290386276688,0.061042157858816684,8,0.44094343099318223,0.5942982456140351,0.5334586466165414,0.522900107741253,0.06305043932828579,6,-0.11009637651263605,0.18859649122807018,0.06772026283025416,0.048740125848562764,0.12267719567948664,9,4,0.0001,"(128, 64)",Thyroid
0.28357458114624023,0.03811855919812773,0.049084981282552086,0.009978881393979544,4,0.001,"(32, 16)",0.5,0.527027027027027,0.5068493150684932,0.51129211403184,0.011472253322733323,18,0.3333333333333333,0.39073159256645495,0.33636363636363636,0.35347618742114156,0.026372581639775676,33,0.0,0.07410152416731725,0.0,0.024700508055772414,0.03493179348997924,17,4,0.001,"(32, 16)",Thyroid
6.70600167910258,0.05289844620638328,0.04752866427103678,0.012044158887944505,4,0.001,"(100,)",0.43243243243243246,0.5945945945945946,0.5205479452054794,0.5158583240775022,0.06628542383269403,14,0.42867647058823527,0.5945945945945946,0.5172869828074815,0.5135193493301038,0.06778816152771959,10,-0.13694775891619418,0.19005847953216373,0.039486236203080054,0.030865652273016537,0.13363883129915877,16,4,0.001,"(100,)",Thyroid
3.4069201151529946,0.3204750679650936,0.05172006289164225,0.006475966274187791,4,0.001,"(128, 64)",0.43243243243243246,0.6216216216216216,0.5342465753424658,0.5294335431321732,0.07731110867056853,5,0.42867647058823527,0.6213450292397661,0.5334586466165414,0.5278267154815143,0.07875735884959939,5,-0.13694775891619418,0.24269005847953215,0.06772026283025416,0.057820854131197384,0.1551444849566385,7,4,0.001,"(128, 64)",Thyroid
4.853679180145264,0.1427052907025725,0.07121578852335612,0.002090471226346706,5,0.0001,"(32, 16)",0.527027027027027,0.47297297297297297,0.547945205479452,0.5159817351598174,0.03158805434627964,13,0.5227565874332043,0.4721053594293031,0.5465838509316769,0.5138152659313948,0.031056098131889594,9,0.05504818825631803,-0.05145245399584513,0.09502359722450013,0.03287311049499101,0.06182021756980466,15,5,0.0001,"(32, 16)",Thyroid
9.43286649386088,1.0038130389661348,0.04679330190022787,0.01379698934832345,5,0.0001,"(100,)",0.5405405405405406,0.4594594594594595,0.5616438356164384,0.5205479452054794,0.04404686582736899,11,0.5351071692535108,0.45787545787545786,0.5595776772247361,0.5175201014512348,0.04334215861839802,8,0.08304547985373997,-0.07817415259677875,0.12254510960970702,0.042472145622222755,0.08682051271896445,10,5,0.0001,"(100,)",Thyroid
6.019317785898845,0.2671898510919863,0.07079339027404785,0.007551437862306853,5,0.0001,"(128, 64)",0.5,0.47297297297297297,0.5342465753424658,0.5024065161051463,0.025072655445816196,23,0.49249304911955516,0.4721053594293031,0.532051282051282,0.49888323020004677,0.024886465135774465,14,0.0,-0.05145245399584513,0.06732416515595016,0.005290570386701676,0.04863444537598936,23,5,0.0001,"(128, 64)",Thyroid
3.5297206242879233,0.2869651718112455,0.056464036305745445,0.008835585635872948,5,0.001,"(32, 16)",0.527027027027027,0.47297297297297297,0.5342465753424658,0.5114155251141552,0.027342309471042332,15,0.5227565874332043,0.4721053594293031,0.532051282051282,0.5089710763045965,0.026342723822184114,11,0.05504818825631803,-0.05145245399584513,0.06732416515595016,0.02363996647214102,0.0533343454759107,20,5,0.001,"(32, 16)",Thyroid
7.899493376413981,1.0644508691434116,0.05497622489929199,0.012616153769557784,5,0.001,"(100,)",0.5405405405405406,0.47297297297297297,0.547945205479452,0.5204862396643218,0.033732676042445044,12,0.5375,0.4721053594293031,0.5448705837899113,0.5181586477397381,0.03270331685017147,7,0.08216865534971651,-0.05145245399584513,0.09491883702663474,0.04187834612683538,0.06619980096573005,11,5,0.001,"(100,)",Thyroid
4.778046210606893,0.3916798205904376,0.04635302225748698,0.005647072680307007,5,0.001,"(128, 64)",0.4864864864864865,0.47297297297297297,0.5342465753424658,0.4979020116006418,0.026284967149273877,24,0.48041389504804144,0.4721053594293031,0.532051282051282,0.4948568455095422,0.02651826443887427,15,-0.02768182661791332,-0.05145245399584513,0.06732416515595016,-0.0039367051526027624,0.051315003714537004,24,5,0.001,"(128, 64)",Thyroid
5.615127166112264,0.4155295000127231,0.07094693183898926,0.016711611987174652,6,0.0001,"(32, 16)",0.4864864864864865,0.4594594594594595,0.4520547945205479,0.4660002468221647,0.014798012871157458,35,0.4674242424242424,0.45787545787545786,0.42789968652037613,0.45106646227335884,0.016838833009475765,24,-0.029197858123689188,-0.07817415259677875,-0.11042953097939143,-0.07260051389995313,0.033396060196536376,36,6,0.0001,"(32, 16)",Thyroid
16.224794785181682,1.4596325509811459,0.044318040211995445,0.0050251778355959965,6,0.0001,"(100,)",0.4864864864864865,0.47297297297297297,0.4520547945205479,0.47050475132666914,0.014164614160665353,34,0.4674242424242424,0.4721053594293031,0.42063492063492064,0.45338817416282207,0.023238759671448426,22,-0.029197858123689188,-0.05145245399584513,-0.11445476112934473,-0.06503502441629301,0.03610678183710791,34,6,0.0001,"(100,)",Thyroid
15.460001309712728,0.5659441326394122,0.05867894490559896,0.01866461464361014,6,0.0001,"(128, 64)",0.47297297297297297,0.5,0.5068493150684932,0.49327409601382205,0.014624864142198426,27,0.4503904018282232,0.49990867579908677,0.4906976744186047,0.48033225068197155,0.021503431837629143,18,-0.05913123959890826,0.0014635940028796578,0.009587943645914634,-0.016026567316704654,0.03065953732742553,27,6,0.0001,"(128, 64)",Thyroid
6.569939692815145,0.3772229948783556,0.06470886866251628,0.02611378611029761,6,0.001,"(32, 16)",0.4864864864864865,0.4594594594594595,0.4931506849315068,0.479698876959151,0.014567736057781142,31,0.4674242424242424,0.45906432748538006,0.47379699980518214,0.4667618565716016,0.006032797840913709,20,-0.029197858123689188,-0.07917922609625103,-0.020199423565154983,-0.04285883592836506,0.025943798393021997,29,6,0.001,"(32, 16)",Thyroid
17.042707204818726,1.5863362055704209,0.03997159004211426,0.0020156804416669367,6,0.001,"(100,)",0.5405405405405406,0.4594594594594595,0.4931506849315068,0.4977168949771689,0.03325831357675893,25,0.5281320330082521,0.45906432748538006,0.47379699980518214,0.4869977867662714,0.02970165616978947,17,0.08571428571428572,-0.08187134502923976,-0.020199423565154983,-0.005452160960036343,0.0692066818724154,25,6,0.001,"(100,)",Thyroid
9.93297823270162,1.3429050905960258,0.04409543673197428,0.0028802303279753146,6,0.001,"(128, 64)",0.4864864864864865,0.4864864864864865,0.4931506849315068,0.48870788596815995,0.003141533274431137,28,0.46130268199233715,0.4861111111111111,0.47379699980518214,0.47373693096954345,0.010128087843025754,19,-0.029974532466509034,-0.027777777777777776,-0.020199423565154983,-0.025983911269813934,0.004187414181777628,28,6,0.001,"(128, 64)",Thyroid
17.48364059130351,4.356061463376816,0.08272941907246907,0.024792842800392983,7,0.0001,"(32, 16)",0.5540540540540541,0.47297297297297297,0.547945205479452,0.5249907441688263,0.03686656929943414,7,0.5292076344707923,0.46821448313985625,0.5112598904443092,0.502894002684986,0.025593386982067763,13,0.12171612389003691,-0.0592422935254882,0.1047879684575453,0.055753932940698005,0.08160775979314483,8,7,0.0001,"(32, 16)",Thyroid
38.660362005233765,5.4927533089472345,0.0500334103902181,0.0034294130977925896,7,0.0001,"(100,)",0.4864864864864865,0.4594594594594595,0.5342465753424658,0.4933975070961372,0.030920325892254283,26,0.44602048857368004,0.45588235294117646,0.49222585924713586,0.46470956692066406,0.019869136027980842,21,-0.03212462831016178,-0.08554907265307864,0.07349122512720149,-0.01472749194534631,0.06608302527771173,26,7,0.0001,"(100,)",Thyroid
27.7658744653066,3.8132893893837085,0.053009748458862305,0.0015429024847597535,7,0.0001,"(128, 64)",0.527027027027027,0.47297297297297297,0.5342465753424658,0.5114155251141552,0.027342309471042332,15,0.5006747638326585,0.46821448313985625,0.500402576489533,0.48976394115401595,0.015238173053562171,16,0.06085806194501846,-0.0592422935254882,0.07140755164806988,0.024341106689200042,0.05925910071786587,19,7,0.0001,"(128, 64)",Thyroid
18.559046030044556,1.787887902322375,0.059847752253214516,0.009138340499189695,7,0.001,"(32, 16)",0.4594594594594595,0.44594594594594594,0.5342465753424658,0.4798839935826238,0.03883401845089441,29,0.41686367218282117,0.44340487983856175,0.48291666666666666,0.44772840622934984,0.027138769075618394,25,-0.09637388493048533,-0.11172532867669228,0.07626896465468337,-0.043943416317498075,0.08523371441913467,30,7,0.001,"(32, 16)",Thyroid
48.33927830060323,12.63848710187782,0.04889074961344401,0.002966063261825978,7,0.001,"(100,)",0.44594594594594594,0.4594594594594595,0.5342465753424658,0.4798839935826238,0.03883401845089441,29,0.39741807348560076,0.45906432748538006,0.500402576489533,0.45229499248683797,0.042314850718422704,23,-0.13130643285972254,-0.08187134502923976,0.07140755164806988,-0.047256742080297474,0.0863012859376617,31,7,0.001,"(100,)",Thyroid
39.27232869466146,10.147135902929648,0.06228995323181152,0.01198977296481557,7,0.001,"(128, 64)",0.4594594594594595,0.4189189189189189,0.547945205479452,0.47544119461927686,0.05387335488556538,32,0.40705128205128205,0.4057889822595705,0.5112598904443092,0.4413667182517205,0.04942462267296987,26,-0.10084389681792216,-0.17608166052706495,0.1047879684575453,-0.05737919629581395,0.11871203888709173,33,7,0.001,"(128, 64)",Thyroid
0.1671919822692871,0.008103027540288337,0.0405279795328776,0.0012871057312476373,2,0.0001,"(32, 16)",0.5181818181818182,0.5181818181818182,0.509090909090909,0.5151515151515151,0.004285495643554862,6,0.42133995037220845,0.3413173652694611,0.3373493975903614,0.366668904410677,0.03869219250935524,30,0.1299300858520969,0.0,0.0,0.04331002861736563,0.061249629857445344,3,2,0.0001,"(32, 16)",Tongue
0.161985715230306,0.010411607027820537,0.04114985466003418,0.0039937997827595535,2,0.0001,"(100,)",0.4818181818181818,0.4909090909090909,0.4636363636363636,0.47878787878787876,0.011338355717496796,30,0.37766749379652603,0.4219219219219219,0.44714200528154013,0.41557714033332943,0.02871549090155052,24,-0.10398652082503683,-0.055568779952588736,-0.08327675071104666,-0.08094401716289074,0.019835164769551772,34,2,0.0001,"(100,)",Tongue
0.18823647499084473,0.029468343933052178,0.035796006520589195,0.008659236717140728,2,0.0001,"(128, 64)",0.5181818181818182,0.5181818181818182,0.509090909090909,0.5151515151515151,0.004285495643554862,6,0.3413173652694611,0.3413173652694611,0.3373493975903614,0.3399947093764279,0.0018705179022802877,32,0.0,0.0,0.0,0.0,0.0,11,2,0.0001,"(128, 64)",Tongue
0.1659876505533854,0.03025227983122969,0.04163551330566406,0.0037769989869377127,2,0.001,"(32, 16)",0.5181818181818182,0.5181818181818182,0.509090909090909,0.5151515151515151,0.004285495643554862,6,0.42133995037220845,0.3413173652694611,0.3373493975903614,0.366668904410677,0.03869219250935524,30,0.1299300858520969,0.0,0.0,0.04331002861736563,0.061249629857445344,3,2,0.001,"(32, 16)",Tongue
0.14579645792643228,0.03599568786840984,0.04013323783874512,0.004617859670588419,2,0.001,"(100,)",0.4818181818181818,0.4909090909090909,0.4636363636363636,0.47878787878787876,0.011338355717496796,30,0.37766749379652603,0.4219219219219219,0.44714200528154013,0.41557714033332943,0.02871549090155052,24,-0.10398652082503683,-0.055568779952588736,-0.08327675071104666,-0.08094401716289074,0.019835164769551772,34,2,0.001,"(100,)",Tongue
0.21205870310465494,0.010911304214981108,0.03574641545613607,0.009072282941616258,2,0.001,"(128, 64)",0.5181818181818182,0.5181818181818182,0.509090909090909,0.5151515151515151,0.004285495643554862,6,0.3413173652694611,0.3413173652694611,0.3373493975903614,0.3399947093764279,0.0018705179022802877,32,0.0,0.0,0.0,0.0,0.0,11,2,0.001,"(128, 64)",Tongue
0.15923062960306802,0.024008065947040847,0.04010939598083496,0.0015934919843412212,3,0.0001,"(32, 16)",0.509090909090909,0.4818181818181818,0.509090909090909,0.5,0.01285648693066448,12,0.3373493975903614,0.32515337423312884,0.3373493975903614,0.3332840564712839,0.005749260546272453,34,-0.09236070898025277,0.0,0.0,-0.03078690299341759,0.04353925575675599,24,3,0.0001,"(32, 16)",Tongue
0.274993896484375,0.11310261166737688,0.033168395360310875,0.004371175082193727,3,0.0001,"(100,)",0.5,0.4818181818181818,0.509090909090909,0.4969696969696969,0.011338355717496777,21,0.3333333333333333,0.32515337423312884,0.3373493975903614,0.3319453683856079,0.005074812407345815,36,-0.13122108580302266,0.0,0.0,-0.04374036193434089,0.06185821307065275,28,3,0.0001,"(100,)",Tongue
1.6339134375254314,1.961604733417675,0.058966477711995445,0.03107132542328099,3,0.0001,"(128, 64)",0.5181818181818182,0.4818181818181818,0.5,0.5,0.014845392380504115,12,0.3413173652694611,0.32515337423312884,0.49291760958846703,0.38646278303035236,0.07556362098564966,27,0.0,0.0,-0.0040655445415058835,-0.0013551815138352944,0.0019165160763431758,14,3,0.0001,"(128, 64)",Tongue
0.17164858182271323,0.017395784443248484,0.04363004366556803,0.004744606146577676,3,0.001,"(32, 16)",0.509090909090909,0.4818181818181818,0.509090909090909,0.5,0.01285648693066448,12,0.3373493975903614,0.32515337423312884,0.3373493975903614,0.3332840564712839,0.005749260546272453,34,-0.09236070898025277,0.0,0.0,-0.03078690299341759,0.04353925575675599,24,3,0.001,"(32, 16)",Tongue
0.2684934933980306,0.08302743336807018,0.03215805689493815,0.004816555936420719,3,0.001,"(100,)",0.4636363636363636,0.4818181818181818,0.509090909090909,0.48484848484848486,0.018680042433239306,26,0.46359203239937186,0.32515337423312884,0.3373493975903614,0.37536493474095406,0.06258435010636199,29,-0.07089616478302667,0.0,0.0,-0.023632054927675557,0.033420772585464706,23,3,0.001,"(100,)",Tongue
0.8685848712921143,0.8544618845038602,0.04030378659566244,0.00662233114061149,3,0.001,"(128, 64)",0.5181818181818182,0.4818181818181818,0.4818181818181818,0.49393939393939396,0.01714198257421934,22,0.3413173652694611,0.32515337423312884,0.47658402203856753,0.3810182538470525,0.06789664051130193,28,0.0,0.0,-0.04034850217792016,-0.013449500725973387,0.01902046633381835,19,3,0.001,"(128, 64)",Tongue
3.969578186670939,2.6271213051648954,0.04172722498575846,0.009295745851351228,4,0.0001,"(32, 16)",0.5181818181818182,0.5363636363636364,0.5181818181818182,0.5242424242424243,0.00857099128710967,3,0.3413173652694611,0.5354037267080745,0.5133149678604224,0.4633453532793193,0.08675675078500811,18,0.0,0.07804121664645815,0.03362375181493347,0.03722165615379721,0.03196160780935532,6,4,0.0001,"(32, 16)",Tongue
16.060964981714886,4.4838419321917105,0.03140401840209961,0.006102016843615735,4,0.0001,"(100,)",0.509090909090909,0.5545454545454546,0.5,0.5212121212121211,0.02386062992124793,5,0.501008064516129,0.5536231884057972,0.49663033530243783,0.517087196074788,0.025896591538601774,3,0.010507870262816266,0.11472725865975045,-0.0026734981621159334,0.040853876920150266,0.05251282075596378,5,4,0.0001,"(100,)",Tongue
9.555487314860025,1.0930953397471095,0.04604188601175944,0.007718498633574489,4,0.0001,"(128, 64)",0.5454545454545454,0.5181818181818182,0.5181818181818182,0.5272727272727272,0.01285648693066448,2,0.5430375540046527,0.5133149678604224,0.5113569692397955,0.5225698303682902,0.014494923773295688,2,0.08752203929672739,0.04630036814215911,0.03320194708896471,0.05567478484261707,0.023145595271675756,2,4,0.0001,"(128, 64)",Tongue
1.5595640341440837,1.7043303484537466,0.042239745457967125,0.01052900376246565,4,0.001,"(32, 16)",0.5181818181818182,0.5454545454545454,0.509090909090909,0.5242424242424242,0.015451574283614497,4,0.3413173652694611,0.5430375540046527,0.3373493975903614,0.4072347722881584,0.09604073036418434,26,0.0,0.0992393059150927,0.0,0.03307976863836423,0.04678185744853886,7,4,0.001,"(32, 16)",Tongue
8.02193800608317,1.7817067777650812,0.04911478360493978,0.014304379810333539,4,0.001,"(100,)",0.4909090909090909,0.5363636363636364,0.4909090909090909,0.5060606060606061,0.021427478217774173,10,0.4866666666666667,0.5344784665173015,0.4847775175644028,0.5019742169161235,0.022996911425731313,4,-0.02373907444524458,0.07980547587076266,-0.0222717701593687,0.011264877088716463,0.04846922395718691,8,4,0.001,"(100,)",Tongue
9.69373114903768,2.2192021963923194,0.043554464975992836,0.013241788215592597,4,0.001,"(128, 64)",0.5636363636363636,0.5272727272727272,0.5,0.5303030303030303,0.026067652324371585,1,0.5613160518444666,0.5215791234526598,0.49663033530243783,0.5265085035331881,0.026636873842134166,1,0.12412821542843847,0.06601847265274842,-0.0026734981621159334,0.06249106330635699,0.05182663796992176,1,4,0.001,"(128, 64)",Tongue
5.60977045694987,0.8635296915840773,0.05946739514668783,0.0034994480651738876,5,0.0001,"(32, 16)",0.5,0.4818181818181818,0.5272727272727272,0.503030303030303,0.018680042433239306,11,0.4996278223472004,0.4807453416149068,0.5215791234526598,0.5006507624715889,0.016686006905325686,5,-0.0006617039689964649,-0.03842969679827614,0.051967463705193624,0.004292020979307007,0.03707034933672374,9,5,0.0001,"(32, 16)",Tongue
17.520031054814655,3.1125125496319863,0.03783822059631348,0.008052566966188978,5,0.0001,"(100,)",0.4909090909090909,0.45454545454545453,0.5,0.48181818181818176,0.019638608176993522,28,0.4902350215160543,0.4538232373386296,0.49663033530243783,0.4802295313857073,0.018853722595853984,15,-0.019529956967891428,-0.09235352532274081,-0.0026734981621159334,-0.03818566015091606,0.038915748858462954,26,5,0.0001,"(100,)",Tongue
11.576183795928955,3.5049447182043596,0.05915300051371256,0.009083186334851783,5,0.0001,"(128, 64)",0.4909090909090909,0.4636363636363636,0.5454545454545454,0.5,0.034015067152490364,12,0.4909090909090909,0.46359203239937186,0.5399799263967882,0.49816034990175034,0.03160393598983197,7,-0.016881827209533268,-0.07212573262061467,0.0890870806374748,2.6506935775619245e-05,0.06689201054597363,10,5,0.0001,"(128, 64)",Tongue
5.514398574829102,0.6350426515431394,0.04766678810119629,0.006733865107110997,5,0.001,"(32, 16)",0.509090909090909,0.4727272727272727,0.5181818181818182,0.5,0.019638608176993515,12,0.5084409136047666,0.46992356264539714,0.5133149678604224,0.4972264813701954,0.019408350941308283,8,0.016881827209533268,-0.05890266523011691,0.03362375181493347,-0.002799028735216725,0.04025573690657559,15,5,0.001,"(32, 16)",Tongue
17.92246635754903,3.0228707399657098,0.05143880844116211,0.018380721945986864,5,0.001,"(100,)",0.5181818181818182,0.4818181818181818,0.5,0.5,0.014845392380504115,12,0.5162227201062153,0.4807453416149068,0.49291760958846703,0.49662855710319637,0.01471936241252083,9,0.03321727561549712,-0.03842969679827614,-0.0040655445415058835,-0.0030926552414282994,0.02925784281416581,16,5,0.001,"(100,)",Tongue
9.407249132792154,1.3877192222056067,0.03971425692240397,0.00624914972921534,5,0.001,"(128, 64)",0.5,0.4636363636363636,0.5363636363636364,0.5,0.02969078476100823,12,0.49995867427060087,0.4632371185179059,0.5316804407713498,0.4982920778532855,0.027966709352202412,6,0.0006617039689964649,-0.0734491405586076,0.07060987881136029,-0.0007258525927502831,0.05882003202066583,13,5,0.001,"(128, 64)",Tongue
8.638879617055258,1.1671998315429086,0.06626383463541667,0.01974802539779809,6,0.0001,"(32, 16)",0.5272727272727272,0.4727272727272727,0.4727272727272727,0.4909090909090909,0.025712973861328984,23,0.519489247311828,0.47115384615384615,0.45470085470085475,0.4817813160555096,0.027496560896003892,14,0.04779386151797076,-0.049818621018893554,-0.0648275814274019,-0.0222841136427749,0.04993001218444745,21,6,0.0001,"(32, 16)",Tongue
28.586321433385212,7.5781695335388894,0.0503847599029541,0.017081342638590225,6,0.0001,"(100,)",0.5181818181818182,0.4818181818181818,0.4727272727272727,0.4909090909090909,0.019638608176993522,23,0.5113569692397955,0.4817753533349864,0.45822010869565216,0.48378414375681134,0.021739486598369717,13,0.029710434521439094,-0.0344542109225924,-0.0632735859212223,-0.022672454107458533,0.03886398812661522,22,6,0.0001,"(100,)",Tongue
18.23427653312683,2.8787215386278384,0.05991840362548828,0.02285767349687543,6,0.0001,"(128, 64)",0.509090909090909,0.4909090909090909,0.4909090909090909,0.496969696969697,0.008570991287109643,20,0.5031783205085313,0.4902350215160543,0.4654633807705658,0.48629224093171713,0.015647434484322795,11,0.011774154939078796,-0.019529956967891428,-0.028391047661218617,-0.012048949896677083,0.017229528433871967,18,6,0.0001,"(128, 64)",Tongue
10.219673871994019,0.9524578796438774,0.07395505905151367,0.010605694166989971,6,0.001,"(32, 16)",0.5272727272727272,0.4818181818181818,0.4636363636363636,0.4909090909090909,0.026762911716144974,23,0.5215791234526598,0.4814324704325531,0.4505122343578021,0.48450794274767167,0.029094324519580522,12,0.04877864189046929,-0.03321727561549712,-0.08155669754474927,-0.021998443756592368,0.053797285046937655,20,6,0.001,"(32, 16)",Tongue
25.40794348716736,4.84156046944901,0.03744363784790039,0.0033476919230257347,6,0.001,"(100,)",0.5181818181818182,0.4818181818181818,0.42727272727272725,0.47575757575757577,0.03736008486647866,33,0.5063923461180255,0.4814324704325531,0.42341292952824694,0.47041258202627523,0.03476084338984618,16,0.027506517452924602,-0.03321727561549712,-0.14971589707849225,-0.05180888508035492,0.07353539741719259,30,6,0.001,"(100,)",Tongue
14.389520406723022,0.7969045964123176,0.05563545227050781,0.012768860081437012,6,0.001,"(128, 64)",0.5272727272727272,0.4636363636363636,0.509090909090909,0.5,0.026762911716144974,12,0.5233333333333333,0.46359203239937186,0.48004201680672265,0.4889891275131426,0.02519647927542308,10,0.049818621018893554,-0.07089616478302667,0.011135885079684351,-0.003313886228149588,0.050329658558596745,17,6,0.001,"(128, 64)",Tongue
12.929492553075155,0.9341492028463879,0.05035940806070963,0.013403495939014473,7,0.0001,"(32, 16)",0.4727272727272727,0.44545454545454544,0.4727272727272727,0.4636363636363636,0.012856486930664506,35,0.47202912942734193,0.4454087114637574,0.4463727872266574,0.4546035427059189,0.012328034851738771,21,-0.05091586316501632,-0.10851945091542024,-0.06842970461934744,-0.07595500623326133,0.02411107565297053,33,7,0.0001,"(32, 16)",Tongue
55.564822832743324,5.057462220043306,0.06426747639973958,0.023588018326651698,7,0.0001,"(100,)",0.42727272727272725,0.4909090909090909,0.4636363636363636,0.46060606060606063,0.026067652324371603,36,0.4056094004631615,0.4825268817204301,0.4433484861480401,0.44382825611054394,0.03140326273020324,22,-0.1684943814877473,-0.026778120992338228,-0.085183541999992,-0.09348534816002585,0.05815246977466359,36,7,0.0001,"(100,)",Tongue
37.12062565485636,3.422243668614896,0.0785504976908366,0.021798376010568127,7,0.0001,"(128, 64)",0.4636363636363636,0.509090909090909,0.44545454545454544,0.47272727272727266,0.026762911716144974,34,0.46002163241534233,0.46964285714285714,0.3906093906093906,0.4400912933891967,0.0352087680211144,23,-0.07804121664645815,-0.00038432948954630886,-0.1471614752319092,-0.07519567378930454,0.059955291474468056,32,7,0.0001,"(128, 64)",Tongue
27.733713308970135,9.53119371742017,0.04808990160624186,0.008759719028576547,7,0.001,"(32, 16)",0.4,0.509090909090909,0.5272727272727272,0.47878787878787876,0.05620374845754968,30,0.375,0.5084409136047666,0.4992997198879552,0.460913544497574,0.060864566603481926,19,-0.22904441061578235,0.016881827209533268,0.05196746370519363,-0.05339837323368515,0.1250237265698028,31,7,0.001,"(32, 16)",Tongue
98.4908340771993,6.615360578709253,0.050331830978393555,0.006865472336926728,7,0.001,"(100,)",0.42727272727272725,0.4727272727272727,0.5454545454545454,0.48181818181818176,0.04867387395214851,28,0.4056094004631615,0.4613306315433975,0.5379704301075269,0.4683034873713619,0.054260643078431016,17,-0.1684943814877473,-0.06601847265274842,0.08915204227646292,-0.0484536039546776,0.1059144729767281,29,7,0.001,"(100,)",Tongue
38.85024936993917,6.703370383539453,0.04691886901855469,0.0034263532470684144,7,0.001,"(128, 64)",0.4727272727272727,0.45454545454545453,0.5272727272727272,0.48484848484848486,0.03090314856722898,26,0.47115384615384615,0.4222689075630252,0.48928571428571427,0.4609028226675285,0.028303423912009205,20,-0.05737988144835674,-0.11874976726455207,0.052920226942049654,-0.041069807256953056,0.07102657069867345,27,7,0.001,"(128, 64)",Tongue
