mean_fit_time,std_fit_time,mean_score_time,std_score_time,param_kmer__k,param_model__var_smoothing,split0_test_accuracy,split1_test_accuracy,split2_test_accuracy,mean_test_accuracy,std_test_accuracy,rank_test_accuracy,split0_test_f1_macro,split1_test_f1_macro,split2_test_f1_macro,mean_test_f1_macro,std_test_f1_macro,rank_test_f1_macro,split0_test_mcc,split1_test_mcc,split2_test_mcc,mean_test_mcc,std_test_mcc,rank_test_mcc,kmer__k,model__var_smoothing,cancer
0.136367400487264,0.00928660256318737,0.043914794921875,0.0020359078957409055,2,1e-09,0.5540540540540541,0.5,0.5205479452054794,0.5248673330865111,0.022277836873894084,1,0.5533199195171026,0.4977068427811411,0.5072324011571842,0.5194197211518093,0.02428444841866947,1,0.1084652289093281,0.004443172014411616,0.04873871353339939,0.05388237148571304,0.04262229458088892,7,2,1e-09,Thyroid
0.14278133710225424,0.00317747753572597,0.04137229919433594,0.0028273021585831343,2,1e-08,0.5540540540540541,0.5,0.5205479452054794,0.5248673330865111,0.022277836873894084,1,0.5533199195171026,0.4977068427811411,0.5072324011571842,0.5194197211518093,0.02428444841866947,1,0.1084652289093281,0.004443172014411616,0.04873871353339939,0.05388237148571304,0.04262229458088892,7,2,1e-08,Thyroid
0.13559524218241373,0.008835842790539098,0.04090960820515951,0.0007657472366447769,2,1e-07,0.5540540540540541,0.5,0.5205479452054794,0.5248673330865111,0.022277836873894084,1,0.5533199195171026,0.4977068427811411,0.5072324011571842,0.5194197211518093,0.02428444841866947,1,0.1084652289093281,0.004443172014411616,0.04873871353339939,0.05388237148571304,0.04262229458088892,7,2,1e-07,Thyroid
0.1392494042714437,0.003966533174936004,0.042286952336629234,0.002699850539340282,3,1e-09,0.581081081081081,0.47297297297297297,0.5205479452054794,0.5248673330865111,0.04424050627670452,1,0.5803914395463692,0.46821448313985625,0.4624447717231222,0.5036835648031158,0.05429177917007372,4,0.16269784336399212,-0.04939643778798596,0.06785270248956025,0.06038470268852214,0.08674800397363545,1,3,1e-09,Thyroid
0.11557380358378093,0.02609136059654461,0.03338297208150228,0.006214782600205718,3,1e-08,0.581081081081081,0.47297297297297297,0.5205479452054794,0.5248673330865111,0.04424050627670452,1,0.5803914395463692,0.46821448313985625,0.4624447717231222,0.5036835648031158,0.05429177917007372,4,0.16269784336399212,-0.04939643778798596,0.06785270248956025,0.06038470268852214,0.08674800397363545,1,3,1e-08,Thyroid
0.13551203409830728,0.031043202022636808,0.03683304786682129,0.0030271617257922657,3,1e-07,0.581081081081081,0.47297297297297297,0.5205479452054794,0.5248673330865111,0.04424050627670452,1,0.5803914395463692,0.46821448313985625,0.4624447717231222,0.5036835648031158,0.05429177917007372,4,0.16269784336399212,-0.04939643778798596,0.06785270248956025,0.06038470268852214,0.08674800397363545,1,3,1e-07,Thyroid
0.12086701393127441,0.026429990511924118,0.03368234634399414,0.006074740730376509,4,1e-09,0.5,0.44594594594594594,0.4931506849315068,0.47969887695915087,0.02403016913816883,16,0.49990867579908677,0.4376274328081557,0.4790742526518804,0.472203453753041,0.02588621531826119,13,0.0,-0.10473822910661622,-0.009587943645914634,-0.03810872425084361,0.04727649418638807,16,4,1e-09,Thyroid
0.14715290069580078,0.0006979101111836961,0.037180185317993164,0.004723907795048164,4,1e-08,0.5,0.44594594594594594,0.4931506849315068,0.47969887695915087,0.02403016913816883,16,0.49990867579908677,0.4376274328081557,0.4790742526518804,0.472203453753041,0.02588621531826119,13,0.0,-0.10473822910661622,-0.009587943645914634,-0.03810872425084361,0.04727649418638807,16,4,1e-08,Thyroid
0.1602970759073893,0.013882821000347849,0.03844205538431803,0.005783489663424248,4,1e-07,0.5,0.44594594594594594,0.4931506849315068,0.47969887695915087,0.02403016913816883,16,0.49990867579908677,0.4376274328081557,0.4790742526518804,0.472203453753041,0.02588621531826119,13,0.0,-0.10473822910661622,-0.009587943645914634,-0.03810872425084361,0.04727649418638807,16,4,1e-07,Thyroid
0.15588744481404623,0.028336638456866226,0.03759328524271647,0.007135271858654056,5,1e-09,0.5,0.4594594594594595,0.5068493150684932,0.48876959150931754,0.02091317224162736,13,0.49249304911955516,0.4494047619047619,0.4906976744186047,0.4775318284809739,0.019902340703481753,10,0.0,-0.07653316233027552,0.020199423565154983,-0.018777912921706844,0.04166337963388323,13,5,1e-09,Thyroid
0.15309453010559082,0.03155597448983451,0.0358430544535319,0.006086801639991119,5,1e-08,0.5,0.4594594594594595,0.5068493150684932,0.48876959150931754,0.02091317224162736,13,0.49249304911955516,0.4494047619047619,0.4906976744186047,0.4775318284809739,0.019902340703481753,10,0.0,-0.07653316233027552,0.020199423565154983,-0.018777912921706844,0.04166337963388323,13,5,1e-08,Thyroid
0.17819531758626303,0.010075511517605351,0.04205791155497233,0.0061307124414751385,5,1e-07,0.5,0.4594594594594595,0.5068493150684932,0.48876959150931754,0.02091317224162736,13,0.49249304911955516,0.4494047619047619,0.4906976744186047,0.4775318284809739,0.019902340703481753,10,0.0,-0.07653316233027552,0.020199423565154983,-0.018777912921706844,0.04166337963388323,13,5,1e-07,Thyroid
0.2067121664683024,0.007469420461183559,0.04021183649698893,0.004877720843916021,6,1e-09,0.527027027027027,0.527027027027027,0.4794520547945205,0.5111687029495248,0.02242705698691134,10,0.5006747638326585,0.5199258572752549,0.46240310077519375,0.4943345739610357,0.02390767498172225,7,0.06085806194501846,0.06375370467359248,-0.04873871353339939,0.025291017695070517,0.05236027130068818,10,6,1e-09,Thyroid
0.19368855158487955,0.033154682594021434,0.03853583335876465,0.0013542684161560676,6,1e-08,0.527027027027027,0.527027027027027,0.4794520547945205,0.5111687029495248,0.02242705698691134,10,0.5006747638326585,0.5199258572752549,0.46240310077519375,0.4943345739610357,0.02390767498172225,7,0.06085806194501846,0.06375370467359248,-0.04873871353339939,0.025291017695070517,0.05236027130068818,10,6,1e-08,Thyroid
0.21239598592122397,0.014974583700430819,0.04409607251485189,0.009535264556887127,6,1e-07,0.527027027027027,0.527027027027027,0.4794520547945205,0.5111687029495248,0.02242705698691134,10,0.5006747638326585,0.5199258572752549,0.46240310077519375,0.4943345739610357,0.02390767498172225,7,0.06085806194501846,0.06375370467359248,-0.04873871353339939,0.025291017695070517,0.05236027130068818,10,6,1e-07,Thyroid
0.3206032117207845,0.0068142031613223795,0.06987214088439941,0.00557062698329257,7,1e-09,0.5135135135135135,0.5540540540540541,0.5068493150684932,0.5248056275453535,0.020859941277558646,7,0.3833333333333333,0.5349457246238811,0.380188679245283,0.4328225790674991,0.07222337966836344,16,0.06851887098275317,0.1057822361998497,0.0032985520555319963,0.05919988641271162,0.04235452737713386,4,7,1e-09,Thyroid
0.2229189078013102,0.03328026410025688,0.056566317876180015,0.008381525566190344,7,1e-08,0.5135135135135135,0.5540540540540541,0.5068493150684932,0.5248056275453535,0.020859941277558646,7,0.3833333333333333,0.5349457246238811,0.380188679245283,0.4328225790674991,0.07222337966836344,16,0.06851887098275317,0.1057822361998497,0.0032985520555319963,0.05919988641271162,0.04235452737713386,4,7,1e-08,Thyroid
0.20952367782592773,0.0089468916242389,0.0603633721669515,0.01120039947051815,7,1e-07,0.5135135135135135,0.5540540540540541,0.5068493150684932,0.5248056275453535,0.020859941277558646,7,0.3833333333333333,0.5349457246238811,0.380188679245283,0.4328225790674991,0.07222337966836344,16,0.06851887098275317,0.1057822361998497,0.0032985520555319963,0.05919988641271162,0.04235452737713386,4,7,1e-07,Thyroid
0.10752177238464355,0.01110217131411604,0.03361034393310547,0.004750102454906442,2,1e-09,0.4818181818181818,0.39090909090909093,0.45454545454545453,0.44242424242424244,0.03809031845447434,13,0.4807453416149068,0.39045571085931685,0.4427558257345492,0.43798562606959096,0.037014595851977715,10,-0.03842969679827614,-0.21902401373782987,-0.09966165361011396,-0.11903845471540665,0.07498965325750635,13,2,1e-09,Tongue
0.11089833577473958,0.008043349699083923,0.03373924891153971,0.004338680390920994,2,1e-08,0.4818181818181818,0.39090909090909093,0.45454545454545453,0.44242424242424244,0.03809031845447434,13,0.4807453416149068,0.39045571085931685,0.4427558257345492,0.43798562606959096,0.037014595851977715,10,-0.03842969679827614,-0.21902401373782987,-0.09966165361011396,-0.11903845471540665,0.07498965325750635,13,2,1e-08,Tongue
0.08434589703877766,0.024099223386603308,0.025339206059773762,0.004048563346815996,2,1e-07,0.4818181818181818,0.39090909090909093,0.45454545454545453,0.44242424242424244,0.03809031845447434,13,0.4807453416149068,0.39045571085931685,0.4427558257345492,0.43798562606959096,0.037014595851977715,10,-0.03842969679827614,-0.21902401373782987,-0.09966165361011396,-0.11903845471540665,0.07498965325750635,13,2,1e-07,Tongue
0.10308011372884114,0.027097225633467493,0.02840765317281087,0.0020230353289026996,3,1e-09,0.4727272727272727,0.4,0.509090909090909,0.46060606060606063,0.04535342286998714,10,0.4727272727272727,0.4,0.505,0.4592424242424243,0.043913785641067876,7,-0.05329361138695796,-0.19894074809665674,0.015416934789603228,-0.0789391415646705,0.08937029322492483,10,3,1e-09,Tongue
0.11649823188781738,0.008469100305697008,0.02973182996114095,0.007614757428025218,3,1e-08,0.4727272727272727,0.4,0.509090909090909,0.46060606060606063,0.04535342286998714,10,0.4727272727272727,0.4,0.505,0.4592424242424243,0.043913785641067876,7,-0.05329361138695796,-0.19894074809665674,0.015416934789603228,-0.0789391415646705,0.08937029322492483,10,3,1e-08,Tongue
0.10399619738260905,0.010378069008384165,0.029603958129882812,0.007846402435988829,3,1e-07,0.4727272727272727,0.4,0.509090909090909,0.46060606060606063,0.04535342286998714,10,0.4727272727272727,0.4,0.505,0.4592424242424243,0.043913785641067876,7,-0.05329361138695796,-0.19894074809665674,0.015416934789603228,-0.0789391415646705,0.08937029322492483,10,3,1e-07,Tongue
0.1290141741434733,0.009127904007523651,0.034215052922566734,0.0016585085089937633,4,1e-09,0.44545454545454544,0.41818181818181815,0.43636363636363634,0.4333333333333333,0.011338355717496796,16,0.4375995306344816,0.41508806912595547,0.42957510873201743,0.4274209028308182,0.009315647306585286,16,-0.11884173808575638,-0.15979210274464078,-0.13363062095621217,-0.13742148726220313,0.016931451836475323,16,4,1e-09,Tongue
0.13116057713826498,0.007528784826198399,0.03680062294006348,0.004976244372194927,4,1e-08,0.44545454545454544,0.41818181818181815,0.43636363636363634,0.4333333333333333,0.011338355717496796,16,0.4375995306344816,0.41508806912595547,0.42957510873201743,0.4274209028308182,0.009315647306585286,16,-0.11884173808575638,-0.15979210274464078,-0.13363062095621217,-0.13742148726220313,0.016931451836475323,16,4,1e-08,Tongue
0.1256262461344401,0.009052828664480867,0.03614687919616699,0.004466654030911545,4,1e-07,0.44545454545454544,0.41818181818181815,0.43636363636363634,0.4333333333333333,0.011338355717496796,16,0.4375995306344816,0.41508806912595547,0.42957510873201743,0.4274209028308182,0.009315647306585286,16,-0.11884173808575638,-0.15979210274464078,-0.13363062095621217,-0.13742148726220313,0.016931451836475323,16,4,1e-07,Tongue
0.14029328028361002,0.011357019052404155,0.034814039866129555,0.008955877405943011,5,1e-09,0.5181818181818182,0.41818181818181815,0.4727272727272727,0.46969696969696967,0.04088102291888499,7,0.5178231742618477,0.41818181818181815,0.4507575757575757,0.4622541894004138,0.04148275990743083,4,0.0357320143258091,-0.16252896391923205,-0.06653892745065369,-0.06444529234802554,0.08095324310830045,4,5,1e-09,Tongue
0.1152650515238444,0.026432386085364627,0.04524095853169759,0.014137714368215877,5,1e-08,0.5181818181818182,0.41818181818181815,0.4727272727272727,0.46969696969696967,0.04088102291888499,7,0.5178231742618477,0.41818181818181815,0.4507575757575757,0.4622541894004138,0.04148275990743083,4,0.0357320143258091,-0.16252896391923205,-0.06653892745065369,-0.06444529234802554,0.08095324310830045,4,5,1e-08,Tongue
0.12943657239278158,0.023135299382984243,0.036228179931640625,0.0094397447743531,5,1e-07,0.5181818181818182,0.41818181818181815,0.4727272727272727,0.46969696969696967,0.04088102291888499,7,0.5178231742618477,0.41818181818181815,0.4507575757575757,0.4622541894004138,0.04148275990743083,4,0.0357320143258091,-0.16252896391923205,-0.06653892745065369,-0.06444529234802554,0.08095324310830045,4,5,1e-07,Tongue
0.14976326624552408,0.026947947884677033,0.03700129191080729,0.007853410876789929,6,1e-09,0.5363636363636364,0.42727272727272725,0.4909090909090909,0.48484848484848486,0.04474188806131335,1,0.527578947368421,0.4164210526315789,0.4847775175644028,0.47625917252146754,0.04577802269127689,1,0.06604611337925638,-0.14121883500068708,-0.0222717701593687,-0.032481497260266466,0.08492297923154156,1,6,1e-09,Tongue
0.1709155241648356,0.0265547103119514,0.04416648546854655,0.010587492746932093,6,1e-08,0.5363636363636364,0.42727272727272725,0.4909090909090909,0.48484848484848486,0.04474188806131335,1,0.527578947368421,0.4164210526315789,0.4847775175644028,0.47625917252146754,0.04577802269127689,1,0.06604611337925638,-0.14121883500068708,-0.0222717701593687,-0.032481497260266466,0.08492297923154156,1,6,1e-08,Tongue
0.16318535804748535,0.02441662305887343,0.04616467157999674,0.018470937674195886,6,1e-07,0.5363636363636364,0.42727272727272725,0.4909090909090909,0.48484848484848486,0.04474188806131335,1,0.527578947368421,0.4164210526315789,0.4847775175644028,0.47625917252146754,0.04577802269127689,1,0.06604611337925638,-0.14121883500068708,-0.0222717701593687,-0.032481497260266466,0.08492297923154156,1,6,1e-07,Tongue
0.2505168120066325,0.04879270083365356,0.05202492078145345,0.006022949883938188,7,1e-09,0.5363636363636364,0.4636363636363636,0.45454545454545453,0.48484848484848486,0.03661529082907447,1,0.5360185261764949,0.43442265795206975,0.3262556145365455,0.43223226622170347,0.08564935546309986,13,0.07639973391564339,-0.09686881421069443,-0.20498396947436393,-0.07515101658980498,0.11589634502000866,7,7,1e-09,Tongue
0.24959023793538412,0.026758357696355352,0.0689987341562907,0.014689351403232236,7,1e-08,0.5363636363636364,0.4636363636363636,0.45454545454545453,0.48484848484848486,0.03661529082907447,1,0.5360185261764949,0.43442265795206975,0.3262556145365455,0.43223226622170347,0.08564935546309986,13,0.07639973391564339,-0.09686881421069443,-0.20498396947436393,-0.07515101658980498,0.11589634502000866,7,7,1e-08,Tongue
0.210450808207194,0.020775719769321535,0.053205013275146484,0.0047619136829816005,7,1e-07,0.5363636363636364,0.4636363636363636,0.45454545454545453,0.48484848484848486,0.03661529082907447,1,0.5360185261764949,0.43442265795206975,0.3262556145365455,0.43223226622170347,0.08564935546309986,13,0.07639973391564339,-0.09686881421069443,-0.20498396947436393,-0.07515101658980498,0.11589634502000866,7,7,1e-07,Tongue
