mean_fit_time,std_fit_time,mean_score_time,std_score_time,param_kmer__k,param_model__n_estimators,split0_test_accuracy,split1_test_accuracy,split2_test_accuracy,mean_test_accuracy,std_test_accuracy,rank_test_accuracy,split0_test_f1_macro,split1_test_f1_macro,split2_test_f1_macro,mean_test_f1_macro,std_test_f1_macro,rank_test_f1_macro,split0_test_mcc,split1_test_mcc,split2_test_mcc,mean_test_mcc,std_test_mcc,rank_test_mcc,kmer__k,model__n_estimators,cancer
0.367707093556722,0.016487636167816073,0.03499213854471842,0.0013316671241801515,2,200,0.581081081081081,0.4594594594594595,0.5205479452054794,0.5203628285820067,0.049651991652510344,1,0.5772986917265523,0.4594594594594595,0.5205479452054794,0.5191020321304971,0.048118528404969385,1,0.1651445647689541,-0.0804093567251462,0.04129129129129129,0.04200883311169973,0.10024825265303702,1,2,200,Thyroid
0.5014045238494873,0.017775376752189525,0.04282466570536295,0.005319344575229593,2,300,0.5405405405405406,0.4864864864864865,0.4931506849315068,0.506725903986178,0.02406484461070934,5,0.5351071692535108,0.4864864864864865,0.4927699530516432,0.5047878695972134,0.021591903370710076,4,0.08304547985373997,-0.02631578947368421,-0.01279160520127023,0.01464602839292851,0.04867983573077926,5,2,300,Thyroid
0.6365319887797037,0.021834856125681472,0.04672463734944662,0.0016242302560132557,2,400,0.5675675675675675,0.4864864864864865,0.5068493150684932,0.5203011230408491,0.034440758611593354,2,0.5624538063562454,0.4864864864864865,0.5067567567567568,0.5185656831998295,0.03211797502803266,2,0.13840913308956662,-0.02631578947368421,0.013513513513513514,0.04186895237646531,0.07017406079742093,2,2,400,Thyroid
0.4037938912709554,0.004545688613866614,0.03638688723246256,0.0021095769734194203,3,200,0.5405405405405406,0.44594594594594594,0.5205479452054794,0.5023448105639886,0.04070667361101952,6,0.5319940476190477,0.4458447488584475,0.5201877934272301,0.4993421966349085,0.03813423307612925,6,0.08421519210665189,-0.10814761408717502,0.0421370524277137,0.006068210149063523,0.08256949936945063,6,3,200,Thyroid
0.5690197944641113,0.009232586469521324,0.05008657773335775,0.008703708795265011,3,300,0.581081081081081,0.4189189189189189,0.5342465753424658,0.5114155251141552,0.06814242119841145,3,0.5747914735866544,0.41796231937077005,0.5341591591591592,0.5089709840388612,0.06645639687010578,3,0.16718346377260584,-0.16392252832252166,0.06912098119144386,0.024127305547176014,0.1388671250664002,3,3,300,Thyroid
0.8431991736094157,0.12889519254919704,0.049086968104044594,0.003351376575114373,3,400,0.5675675675675675,0.4189189189189189,0.5342465753424658,0.5069110206096507,0.06368950515681733,4,0.5558889722430608,0.41796231937077005,0.5334586466165414,0.5024366460767907,0.06043020095534221,5,0.14285714285714285,-0.16392252832252166,0.07013646461808343,0.016357026384234873,0.13088827970152514,4,3,400,Thyroid
0.5558474858601888,0.12261580348126253,0.04778424898783366,0.013365443811149636,4,200,0.527027027027027,0.5135135135135135,0.3972602739726027,0.4792669381710477,0.058249311821899775,9,0.5269406392694064,0.513157894736842,0.3962406015037594,0.4787797118366693,0.058634572069293074,7,0.05407380704358751,0.029325639294907786,-0.20513030511955582,-0.040576952927020175,0.11679461243305048,9,4,200,Thyroid
0.6512297789255778,0.016205808795864238,0.04514153798421224,0.0009570595013589061,4,300,0.527027027027027,0.4594594594594595,0.4520547945205479,0.4795137603356781,0.03373267604244502,8,0.5269406392694064,0.45787545787545786,0.44947209653092,0.47809606455859477,0.034708293720490516,9,0.05407380704358751,-0.07817415259677875,-0.09491883702663474,-0.039673060859941996,0.06664059096104127,8,4,300,Thyroid
0.8708896636962891,0.033545659181649014,0.05451043446858724,0.0036526336072071302,4,400,0.4864864864864865,0.47297297297297297,0.4657534246575342,0.4750709613723312,0.0085932581982882,10,0.4864864864864865,0.4728767123287671,0.46211978084262234,0.4738276598859586,0.009970366490291014,10,-0.02702702702702703,-0.05268938410366768,-0.06713294581507025,-0.04894978564858832,0.016585327409333897,10,4,400,Thyroid
0.5019392172495524,0.013394327278438105,0.04420264561971029,0.0027384016280384907,5,200,0.5,0.44594594594594594,0.4246575342465753,0.4568678267308404,0.03171316652287162,15,0.49990867579908677,0.4450338394000366,0.4236842105263158,0.4562089085751464,0.03210611473256909,15,0.0,-0.10976955021597433,-0.150076951172028,-0.08661550046266743,0.06341847960574676,15,5,200,Thyroid
0.7048048973083496,0.01640254854677883,0.04960441589355469,0.0018033805124621353,5,300,0.47297297297297297,0.4594594594594595,0.5068493150684932,0.47976058250030856,0.01993327763620337,7,0.4728767123287671,0.4594594594594595,0.5022727272727273,0.47820296635365134,0.017879610578642277,8,-0.05407380704358751,-0.0804093567251462,0.01687505633018262,-0.03920270247951703,0.041084681403953924,7,5,300,Thyroid
0.9175064563751221,0.027627992369352455,0.055634657541910805,0.00108309517376608,5,400,0.47297297297297297,0.43243243243243246,0.4931506849315068,0.46618536344563744,0.025248501987999473,13,0.4728767123287671,0.43201754385964913,0.4897033818250519,0.4648658793378227,0.024221809172028947,14,-0.05407380704358751,-0.13596491228070176,-0.011443115763932428,-0.0671606116960739,0.051671189870501864,13,5,400,Thyroid
0.5544617176055908,0.004183729104496834,0.05768895149230957,0.006715294146593837,6,200,0.47297297297297297,0.43243243243243246,0.4931506849315068,0.46618536344563744,0.025248501987999473,13,0.4728767123287671,0.43201754385964913,0.49162431771127424,0.4655061912998968,0.02488621181065878,13,-0.05407380704358751,-0.13343165879183044,-0.015083110670555577,-0.06752952550199116,0.049243523973732134,14,6,200,Thyroid
0.7764965693155924,0.016913028951786098,0.06489197413126628,0.00532864991746523,6,300,0.5,0.44594594594594594,0.4657534246575342,0.4705664568678267,0.02232836983469885,12,0.4977068427811411,0.4458447488584475,0.46535211267605636,0.469634568105215,0.02138806154359047,11,0.0,-0.10684236221021502,-0.06912098119144386,-0.058654447800552956,0.04424163824258524,11,6,300,Thyroid
1.0621811548868816,0.05733841244899028,0.07697359720865886,0.00230262408470734,6,400,0.5,0.43243243243243246,0.4794520547945205,0.4706281624089843,0.028281205235669547,11,0.4977068427811411,0.4307692307692308,0.47935435435435436,0.4692768093015754,0.02824097096043679,12,0.0,-0.13783050468606659,-0.04129129129129129,-0.05970726532578596,0.05775622956434132,12,6,400,Thyroid
0.6658348242441813,0.037973147610632516,0.06906620661417644,0.0036175812327045955,7,200,0.4594594594594595,0.36486486486486486,0.4657534246575342,0.43002591632728615,0.0461474121357842,17,0.39591836734693875,0.320039100684262,0.46535211267605636,0.3937698602357524,0.05934323845582273,16,-0.10653312363426524,-0.3245118286204297,-0.06772026283025416,-0.16625507169498305,0.11302067768146919,18,7,200,Thyroid
1.0601026217142742,0.13625609050639828,0.08908867835998535,0.012282438919090689,7,300,0.4864864864864865,0.4189189189189189,0.4383561643835616,0.44792052326298903,0.028401311792829974,16,0.40068201193520886,0.3680238331678253,0.41001379854129705,0.39290654788144375,0.018002456850013275,17,-0.041344911529736156,-0.21018921526346945,-0.13128634364836603,-0.12760682348052388,0.06897948428014165,16,7,300,Thyroid
1.1674110889434814,0.01719001303209668,0.10449544588724773,0.005213214314885202,7,400,0.4864864864864865,0.3783783783783784,0.4246575342465753,0.4298407997038134,0.044286871194359964,18,0.43669871794871795,0.32939322301024426,0.399294670846395,0.38846220393511904,0.04447189423696436,18,-0.03361463227264072,-0.2997570104148722,-0.1600272261482811,-0.16446628961193133,0.10869750173187473,17,7,400,Thyroid
0.5663552284240723,0.0030556131822857212,0.048839171727498375,0.004041803863304594,2,200,0.4,0.32727272727272727,0.38181818181818183,0.3696969696969697,0.030903148567229012,18,0.395,0.32705026455026454,0.3766666666666667,0.3662389770723104,0.02870359059571287,18,-0.2076333131055899,-0.34568317191600745,-0.242649147558103,-0.2653218775265668,0.05859454122789489,18,2,200,Tongue
0.594851573308309,0.05956943617509875,0.04435952504475912,0.008051171908584965,2,300,0.4090909090909091,0.37272727272727274,0.37272727272727274,0.38484848484848483,0.01714198257421934,15,0.40312213039485767,0.3722603589446696,0.3663911845730028,0.38059122463751,0.01611092978148931,16,-0.1904601272882067,-0.25541773203263546,-0.26226526415648105,-0.23604770782577442,0.03235627500705946,16,2,300,Tongue
0.963321844736735,0.06606853938100157,0.06977287928263347,0.00753227390876867,2,400,0.41818181818181815,0.37272727272727274,0.39090909090909093,0.393939393939394,0.018680042433239306,13,0.41333333333333333,0.3701767488175255,0.38680422664115155,0.3901047695973368,0.017772504693519035,14,-0.17085446537352086,-0.2590947498008776,-0.22323709653668042,-0.21772877057035964,0.03623389932249115,13,2,400,Tongue
0.5189045270284017,0.02877193964274461,0.045651912689208984,0.010477822612648555,3,200,0.4,0.38181818181818183,0.37272727272727274,0.38484848484848483,0.011338355717496796,15,0.3968095712861416,0.38181818181818183,0.3684998751976038,0.3823758761006424,0.011564110870587493,15,-0.20532736975696123,-0.23535253227408143,-0.2599976962657745,-0.2335591994322724,0.02235506180049903,15,3,200,Tongue
0.8524847030639648,0.12108049138845693,0.05324403444925944,0.012673679960867962,3,300,0.39090909090909093,0.41818181818181815,0.36363636363636365,0.39090909090909093,0.02226808857075615,14,0.389648033126294,0.41798941798941797,0.36279377689506787,0.3901437426702599,0.022536252201258038,13,-0.22063946610044746,-0.16374466038126667,-0.2741724259221492,-0.21951885080128777,0.045088909830648775,14,3,300,Tongue
1.046887715657552,0.12538665927154702,0.05403836568196615,0.009369184023700817,3,400,0.35454545454545455,0.43636363636363634,0.34545454545454546,0.37878787878787873,0.040881022918884964,17,0.3540650070300223,0.4346816976127321,0.34523809523809523,0.37799493329361655,0.04024525255375952,17,-0.291811450327441,-0.13034851681620924,-0.30952380952380953,-0.24389459222248658,0.08061416479007194,17,3,400,Tongue
0.7501820723215739,0.034448684310910145,0.04685187339782715,0.00871695814015168,4,200,0.4727272727272727,0.4090909090909091,0.4727272727272727,0.4515151515151515,0.029998469504883815,7,0.46637671462027436,0.4078674948240165,0.4683333333333334,0.4475258475925414,0.028054064440310583,4,-0.062234818963702206,-0.1841975122400132,-0.05831623159545569,-0.10158285426639037,0.05843928539270284,7,4,200,Tongue
1.0248032410939534,0.05707422743644906,0.06416654586791992,0.0051538854889269375,4,300,0.45454545454545453,0.4090909090909091,0.43636363636363634,0.43333333333333335,0.018680042433239306,10,0.45164506480558325,0.4078674948240165,0.42957510873201743,0.42969588945387244,0.017872322165102518,10,-0.095508841361828,-0.1841975122400132,-0.13363062095621217,-0.13777899151935113,0.036325627494296665,10,4,300,Tongue
1.1897611618041992,0.11906606102928172,0.04892269770304362,0.0023964760966398995,4,400,0.4636363636363636,0.42727272727272725,0.45454545454545453,0.4484848484848485,0.015451574283614506,8,0.45603889028581013,0.42494398805078415,0.44556451612903225,0.4421824648218755,0.012917738180105586,6,-0.08170369493395752,-0.14947774026973706,-0.09799919151000505,-0.10972687557123322,0.028884646848848776,9,4,400,Tongue
0.8071704705556234,0.04789932810413072,0.0506600538889567,0.010269423135026302,5,200,0.41818181818181815,0.39090909090909093,0.45454545454545453,0.4212121212121212,0.026067652324371585,12,0.41741145316120487,0.39045571085931685,0.45454545454545453,0.42080420618865877,0.02627428262601638,11,-0.1651770936775902,-0.21902401373782987,-0.09060846560846561,-0.15826985767462856,0.052652449656476724,12,5,200,Tongue
1.0757030646006267,0.14947175087597628,0.049477179845174156,0.0025265363505902446,5,300,0.43636363636363634,0.4090909090909091,0.4909090909090909,0.4454545454545455,0.03401506715249037,9,0.43336656696576936,0.4086510627739641,0.4907407407407407,0.44425279016015806,0.03438566754478582,5,-0.13211501749353907,-0.1793732883236845,-0.01721855814970019,-0.10956895465564125,0.06809201050327535,8,5,300,Tongue
1.4357733726501465,0.054437841537783194,0.06934730211893718,0.015152322523194284,5,400,0.4,0.44545454545454544,0.44545454545454544,0.43030303030303035,0.02142747821777415,11,0.3998015873015873,0.4450417666032586,0.4454087114637574,0.43008402178953437,0.02141343878689686,9,-0.198010342339127,-0.1062952819695908,-0.10910894511799618,-0.13780485647557134,0.04258720129435036,11,5,400,Tongue
0.851662794748942,0.061178393506551396,0.07091712951660156,0.01721858299637834,6,200,0.4636363636363636,0.4636363636363636,0.44545454545454544,0.4575757575757575,0.00857099128710967,6,0.4505122343578021,0.46359203239937186,0.43985307621671255,0.45131911432462885,0.009708168437668162,3,-0.08595786704038938,-0.07212573262061467,-0.1143207561707738,-0.09080145194392596,0.017563223681658337,6,6,200,Tongue
1.0738027890523274,0.14140293991513664,0.0721436341603597,0.02109765161477303,6,300,0.5181818181818182,0.4727272727272727,0.44545454545454544,0.4787878787878788,0.029998469504883846,5,0.4999571146753581,0.47202912942734193,0.4443064182194617,0.4720975541073873,0.022719353210559037,2,0.02537990683497449,-0.05594174114531612,-0.11072469165177089,-0.047095508654037506,0.05591545584944505,4,6,300,Tongue
1.3030792872111003,0.10546608071745411,0.07181398073832194,0.005584321903272893,6,400,0.509090909090909,0.4727272727272727,0.4727272727272727,0.4848484848484848,0.017141982574219315,4,0.48863636363636365,0.47202912942734193,0.47115384615384615,0.47727311307251724,0.008042973236922695,1,0.0053266142003670315,-0.05594174114531612,-0.05644135099634637,-0.03568549264709849,0.0290006561253564,3,6,400,Tongue
1.0614344278971355,0.031019419100725736,0.08267649014790852,0.01851779810532738,7,200,0.4636363636363636,0.5272727272727272,0.5181818181818182,0.503030303030303,0.028101874228774852,1,0.4032183908045977,0.4041666666666667,0.5149346867459855,0.44077324807241663,0.05244148514536804,7,-0.1182600324975815,0.04675263530206393,0.03408710156697815,-0.01247343187617981,0.07498092019295134,1,7,200,Tongue
1.3074122269948323,0.008278547735586728,0.08779287338256836,0.02420698908424584,7,300,0.4636363636363636,0.5,0.5,0.48787878787878786,0.01714198257421934,3,0.3865204650723131,0.3630908516685967,0.4989648033126294,0.4161920400178463,0.05930561779827456,12,-0.1314443131989032,-0.0713770209973538,-0.0013260442113984538,-0.06804912613588515,0.05317265678418375,5,7,300,Tongue
1.4838768641153972,0.12066299657962208,0.0877235730489095,0.0055115991520729695,7,400,0.4818181818181818,0.509090909090909,0.5,0.4969696969696969,0.011338355717496777,2,0.4371128467546458,0.367816091954023,0.4989648033126294,0.43463124734043274,0.053569984596446234,8,-0.06540449580261244,-0.03573201432580911,-0.0013260442113984538,-0.03415418477994,0.026183699116546433,2,7,400,Tongue
