mean_fit_time,std_fit_time,mean_score_time,std_score_time,param_kmer__k,param_model__C,param_model__kernel,split0_test_accuracy,split1_test_accuracy,split2_test_accuracy,mean_test_accuracy,std_test_accuracy,rank_test_accuracy,split0_test_f1_macro,split1_test_f1_macro,split2_test_f1_macro,mean_test_f1_macro,std_test_f1_macro,rank_test_f1_macro,split0_test_mcc,split1_test_mcc,split2_test_mcc,mean_test_mcc,std_test_mcc,rank_test_mcc,kmer__k,model__C,model__kernel,cancer
0.09270262718200684,0.005754835119149739,0.03019062678019206,0.005714048128740667,2,0.1,linear,0.5,0.5135135135135135,0.5068493150684932,0.5067876095273356,0.005517041329694451,7,0.3333333333333333,0.3392857142857143,0.33636363636363636,0.33632756132756136,0.002430183231327473,14,0.0,0.0,0.0,0.0,0.0,8,2,0.1,linear,Thyroid
0.10433419545491536,0.02445593264636868,0.038306077321370445,0.007169377847091766,2,0.1,rbf,0.5,0.5135135135135135,0.5068493150684932,0.5067876095273356,0.005517041329694451,7,0.3333333333333333,0.3392857142857143,0.33636363636363636,0.33632756132756136,0.002430183231327473,14,0.0,0.0,0.0,0.0,0.0,8,2,0.1,rbf,Thyroid
0.08640686670939128,0.001887161007005595,0.024628082911173504,0.0004203520969140797,2,1.0,linear,0.5,0.5135135135135135,0.5068493150684932,0.5067876095273356,0.005517041329694451,7,0.3333333333333333,0.3392857142857143,0.33636363636363636,0.33632756132756136,0.002430183231327473,14,0.0,0.0,0.0,0.0,0.0,8,2,1.0,linear,Thyroid
0.10939455032348633,0.025286794434607743,0.03061676025390625,0.006358665693353143,2,1.0,rbf,0.5135135135135135,0.5135135135135135,0.5342465753424658,0.5204245341231643,0.009773659076008086,5,0.475177304964539,0.512087912087912,0.5341591591591592,0.5071414587372035,0.024331945142437913,5,0.03212462831016178,0.02492679340067162,0.06831831831831832,0.04178991334305057,0.018987178300894293,6,2,1.0,rbf,Thyroid
0.12639967600504556,0.028412789024883377,0.0338289737701416,0.005755033623965796,2,10.0,linear,0.5,0.4594594594594595,0.5205479452054794,0.49333580155497964,0.025380562488794178,31,0.3333333333333333,0.4494047619047619,0.4726522187822497,0.4184634380067817,0.06093965377924769,11,0.0,-0.09040246360918491,0.04087341621879402,-0.01650968246346363,0.05484989436292344,31,2,10.0,linear,Thyroid
0.11176268259684245,0.015115453685748367,0.03409202893575033,0.007131398376406476,2,10.0,rbf,0.527027027027027,0.4594594594594595,0.5205479452054794,0.5023448105639886,0.030439663049291805,30,0.5269406392694064,0.45588235294117646,0.5205479452054794,0.5011236458053542,0.03209670356246841,7,0.05407380704358751,-0.07739329285665175,0.04129129129129129,0.005990601826075683,0.05919179896226931,7,2,10.0,rbf,Thyroid
0.12107332547505696,0.027497695844850834,0.031226396560668945,0.00791927121985705,3,0.1,linear,0.5,0.5135135135135135,0.5068493150684932,0.5067876095273356,0.005517041329694451,7,0.3333333333333333,0.3392857142857143,0.33636363636363636,0.33632756132756136,0.002430183231327473,14,0.0,0.0,0.0,0.0,0.0,8,3,0.1,linear,Thyroid
0.1223452885945638,0.02523463864427514,0.03162280718485514,0.006549419661353407,3,0.1,rbf,0.5,0.5135135135135135,0.5068493150684932,0.5067876095273356,0.005517041329694451,7,0.3333333333333333,0.3392857142857143,0.33636363636363636,0.33632756132756136,0.002430183231327473,14,0.0,0.0,0.0,0.0,0.0,8,3,0.1,rbf,Thyroid
0.10033130645751953,0.0014444878149560071,0.026674667994181316,0.001109763139019357,3,1.0,linear,0.5,0.5135135135135135,0.5068493150684932,0.5067876095273356,0.005517041329694451,7,0.3333333333333333,0.3392857142857143,0.33636363636363636,0.33632756132756136,0.002430183231327473,14,0.0,0.0,0.0,0.0,0.0,8,3,1.0,linear,Thyroid
0.11880938212076823,0.018862342643906446,0.03126970926920573,0.0059465946386844945,3,1.0,rbf,0.5405405405405406,0.5135135135135135,0.5205479452054794,0.5248673330865111,0.011448664586754679,3,0.5116459627329193,0.513157894736842,0.5201877934272301,0.5149972169656638,0.0037218317711082325,4,0.0928032337334619,0.029325639294907786,0.04057101069932575,0.05423329457589848,0.02765676227699636,4,3,1.0,rbf,Thyroid
0.10450887680053711,0.012505273445825658,0.03507312138875326,0.0052926701433635235,3,10.0,linear,0.5,0.5135135135135135,0.5068493150684932,0.5067876095273356,0.005517041329694451,7,0.3333333333333333,0.3392857142857143,0.33636363636363636,0.33632756132756136,0.002430183231327473,14,0.0,0.0,0.0,0.0,0.0,8,3,10.0,linear,Thyroid
0.10692032178243001,0.01032862957410588,0.030689477920532227,0.0064684947828497555,3,10.0,rbf,0.5540540540540541,0.5135135135135135,0.5068493150684932,0.5248056275453535,0.020859941277558646,4,0.5439775910364146,0.5044642857142857,0.5060150375939849,0.5181523047815618,0.018272205950694943,3,0.11322770341445958,0.03673591791853225,0.01279160520127023,0.05425174217808735,0.04283266300921194,3,3,10.0,rbf,Thyroid
0.21137070655822754,0.012969096362630115,0.04002221425374349,0.0007525259948109976,4,0.1,linear,0.5,0.5135135135135135,0.5068493150684932,0.5067876095273356,0.005517041329694451,7,0.3333333333333333,0.3392857142857143,0.33636363636363636,0.33632756132756136,0.002430183231327473,14,0.0,0.0,0.0,0.0,0.0,8,4,0.1,linear,Thyroid
0.20026667912801108,0.00172454353842211,0.037941694259643555,0.000913377002325232,4,0.1,rbf,0.5,0.5135135135135135,0.5068493150684932,0.5067876095273356,0.005517041329694451,7,0.3333333333333333,0.3392857142857143,0.33636363636363636,0.33632756132756136,0.002430183231327473,14,0.0,0.0,0.0,0.0,0.0,8,4,0.1,rbf,Thyroid
0.22783994674682617,0.0169728810646435,0.04343970616658529,0.006424833636958308,4,1.0,linear,0.5,0.5135135135135135,0.5068493150684932,0.5067876095273356,0.005517041329694451,7,0.3333333333333333,0.3392857142857143,0.33636363636363636,0.33632756132756136,0.002430183231327473,14,0.0,0.0,0.0,0.0,0.0,8,4,1.0,linear,Thyroid
0.2295228640238444,0.029085849028604276,0.04539807637532552,0.004436216470353281,4,1.0,rbf,0.5405405405405406,0.5,0.5205479452054794,0.5203628285820067,0.016551123989083396,6,0.5234848484848484,0.49249304911955516,0.5022404052211182,0.5060727676085073,0.012939298231250255,6,0.08759357437106756,0.007589726746856248,0.038782893245097566,0.04465539812100713,0.032924344020878044,5,4,1.0,rbf,Thyroid
0.20137755076090494,0.00475650339700195,0.03744673728942871,0.000626405695211784,4,10.0,linear,0.5,0.5135135135135135,0.5068493150684932,0.5067876095273356,0.005517041329694451,7,0.3333333333333333,0.3392857142857143,0.33636363636363636,0.33632756132756136,0.002430183231327473,14,0.0,0.0,0.0,0.0,0.0,8,4,10.0,linear,Thyroid
0.2122964859008789,0.009554721938271778,0.045139312744140625,0.007319863679982169,4,10.0,rbf,0.5540540540540541,0.527027027027027,0.5342465753424658,0.5384425521411823,0.011425693660968347,1,0.5520088057237205,0.5262483994878361,0.5341591591591592,0.5374721214569053,0.010774396247560315,1,0.1091089451179962,0.05733273445251315,0.06912098119144386,0.07852088692065107,0.022157958216821438,1,4,10.0,rbf,Thyroid
0.34412074089050293,0.007848808071294575,0.05417903264363607,0.0038737623393265675,5,0.1,linear,0.5,0.5135135135135135,0.5068493150684932,0.5067876095273356,0.005517041329694451,7,0.3333333333333333,0.3392857142857143,0.33636363636363636,0.33632756132756136,0.002430183231327473,14,0.0,0.0,0.0,0.0,0.0,8,5,0.1,linear,Thyroid
0.37974389394124347,0.05223022686926676,0.06270535786946614,0.008949829426621408,5,0.1,rbf,0.5,0.5135135135135135,0.5068493150684932,0.5067876095273356,0.005517041329694451,7,0.3333333333333333,0.3392857142857143,0.33636363636363636,0.33632756132756136,0.002430183231327473,14,0.0,0.0,0.0,0.0,0.0,8,5,0.1,rbf,Thyroid
0.36051011085510254,0.026017736037289695,0.05364759763081869,0.0010714592367819654,5,1.0,linear,0.5,0.5135135135135135,0.5068493150684932,0.5067876095273356,0.005517041329694451,7,0.3333333333333333,0.3392857142857143,0.33636363636363636,0.33632756132756136,0.002430183231327473,14,0.0,0.0,0.0,0.0,0.0,8,5,1.0,linear,Thyroid
0.39020435015360516,0.06019515040879099,0.06397819519042969,0.008351758765223209,5,1.0,rbf,0.5135135135135135,0.3918918918918919,0.4383561643835616,0.447920523262989,0.050110294564750434,36,0.46634615384615385,0.3827618164967562,0.3242266877398961,0.3911115526942687,0.05831966067864235,13,0.03361463227264072,-0.2170661849600887,-0.22818123732392429,-0.13721093000379075,0.12087711567967672,36,5,1.0,rbf,Thyroid
0.34118954340616864,0.0036431728276828438,0.05414350827534994,0.0006482002193138465,5,10.0,linear,0.5,0.5135135135135135,0.5068493150684932,0.5067876095273356,0.005517041329694451,7,0.3333333333333333,0.3392857142857143,0.33636363636363636,0.33632756132756136,0.002430183231327473,14,0.0,0.0,0.0,0.0,0.0,8,5,10.0,linear,Thyroid
0.34558717409769696,0.007126923143155117,0.055838823318481445,0.0005659676428949616,5,10.0,rbf,0.527027027027027,0.5405405405405406,0.5342465753424658,0.5339380476366777,0.005521180663524048,2,0.5227565874332043,0.5402046783625731,0.5334586466165414,0.5321399708041062,0.007183924122353874,2,0.05504818825631803,0.0835780719904872,0.06772026283025416,0.06878217435901979,0.011671455451727708,2,5,10.0,rbf,Thyroid
0.5534468491872152,0.0921392065444254,0.08084909121195476,0.012564801632637741,6,0.1,linear,0.5,0.5135135135135135,0.5068493150684932,0.5067876095273356,0.005517041329694451,7,0.3333333333333333,0.3392857142857143,0.33636363636363636,0.33632756132756136,0.002430183231327473,14,0.0,0.0,0.0,0.0,0.0,8,6,0.1,linear,Thyroid
0.49648380279541016,0.015127456137368966,0.08601729075113933,0.013124667245230755,6,0.1,rbf,0.5,0.5135135135135135,0.5068493150684932,0.5067876095273356,0.005517041329694451,7,0.3333333333333333,0.3392857142857143,0.33636363636363636,0.33632756132756136,0.002430183231327473,14,0.0,0.0,0.0,0.0,0.0,8,6,0.1,rbf,Thyroid
0.5240037441253662,0.03223637725825756,0.0775454839070638,0.01307932211253799,6,1.0,linear,0.5,0.5135135135135135,0.5068493150684932,0.5067876095273356,0.005517041329694451,7,0.3333333333333333,0.3392857142857143,0.33636363636363636,0.33632756132756136,0.002430183231327473,14,0.0,0.0,0.0,0.0,0.0,8,6,1.0,linear,Thyroid
0.4836513201395671,0.00446193625134475,0.07517719268798828,0.002681999601030449,6,1.0,rbf,0.5405405405405406,0.4594594594594595,0.4657534246575342,0.4885844748858448,0.03682823254166963,32,0.4865306122448979,0.4329501915708812,0.3386759581881533,0.41938558733464415,0.06111872897688132,10,0.10653312363426524,-0.07733443681854817,-0.15899819963229095,-0.04326650427219129,0.11104710390913529,32,6,1.0,rbf,Thyroid
0.5728518962860107,0.07944352132325394,0.0811774730682373,0.01063480835081537,6,10.0,linear,0.5,0.5135135135135135,0.5068493150684932,0.5067876095273356,0.005517041329694451,7,0.3333333333333333,0.3392857142857143,0.33636363636363636,0.33632756132756136,0.002430183231327473,14,0.0,0.0,0.0,0.0,0.0,8,6,10.0,linear,Thyroid
0.47751625378926593,0.01558824066305718,0.07340192794799805,0.0012322249495046941,6,10.0,rbf,0.43243243243243246,0.5,0.4520547945205479,0.46149574231766016,0.02838065853394173,34,0.43201754385964913,0.49990867579908677,0.44947209653092,0.460466105396552,0.028786022328064337,8,-0.1353329904901917,0.0,-0.09833866820532045,-0.07789055289850405,0.05711011961380823,34,6,10.0,rbf,Thyroid
0.7142983277638754,0.10081943446189821,0.1064928372701009,0.014336262264876038,7,0.1,linear,0.5,0.5135135135135135,0.5068493150684932,0.5067876095273356,0.005517041329694451,7,0.3333333333333333,0.3392857142857143,0.33636363636363636,0.33632756132756136,0.002430183231327473,14,0.0,0.0,0.0,0.0,0.0,8,7,0.1,linear,Thyroid
0.6115371386210123,0.03013153041420693,0.09139060974121094,0.0027247124736406916,7,0.1,rbf,0.5,0.5135135135135135,0.5068493150684932,0.5067876095273356,0.005517041329694451,7,0.3333333333333333,0.3392857142857143,0.33636363636363636,0.33632756132756136,0.002430183231327473,14,0.0,0.0,0.0,0.0,0.0,8,7,0.1,rbf,Thyroid
0.6730657418568929,0.10149594548650967,0.10059555371602376,0.023807644859939428,7,1.0,linear,0.5,0.5135135135135135,0.5068493150684932,0.5067876095273356,0.005517041329694451,7,0.3333333333333333,0.3392857142857143,0.33636363636363636,0.33632756132756136,0.002430183231327473,14,0.0,0.0,0.0,0.0,0.0,8,7,1.0,linear,Thyroid
0.6374054749806722,0.02793980776927268,0.09878762563069661,0.0032395045354836885,7,1.0,rbf,0.527027027027027,0.47297297297297297,0.4657534246575342,0.4885844748858448,0.02734230947104232,32,0.4660894660894661,0.43577712609970676,0.3386759581881533,0.41351418345910873,0.05434629371106118,12,0.07332355751067664,-0.04690172571994773,-0.15899819963229095,-0.04419212261385402,0.09486431071884872,33,7,1.0,rbf,Thyroid
0.7150992552439371,0.0774463992815495,0.10820500055948894,0.01916790121268874,7,10.0,linear,0.5,0.5135135135135135,0.5068493150684932,0.5067876095273356,0.005517041329694451,7,0.3333333333333333,0.3392857142857143,0.33636363636363636,0.33632756132756136,0.002430183231327473,14,0.0,0.0,0.0,0.0,0.0,8,7,10.0,linear,Thyroid
0.6623342037200928,0.027364331769945998,0.09361735979715984,0.003336407403973736,7,10.0,rbf,0.44594594594594594,0.44594594594594594,0.4657534246575342,0.45254843884980867,0.009337335010114833,35,0.4450338394000366,0.4450338394000366,0.4509161041465767,0.44699459431554994,0.0027729261940087047,9,-0.1084652289093281,-0.10976955021597433,-0.07672360465666034,-0.09831946126065426,0.015279857773398799,35,7,10.0,rbf,Thyroid
0.10359557469685872,0.025346715843054386,0.03563245137532552,0.00993963834717651,2,0.1,linear,0.5181818181818182,0.5181818181818182,0.509090909090909,0.5151515151515151,0.004285495643554862,1,0.3413173652694611,0.3413173652694611,0.3373493975903614,0.3399947093764279,0.0018705179022802877,13,0.0,0.0,0.0,0.0,0.0,1,2,0.1,linear,Tongue
0.10426195462544759,0.00923502075284828,0.03605182965596517,0.008884106434558137,2,0.1,rbf,0.5181818181818182,0.5181818181818182,0.509090909090909,0.5151515151515151,0.004285495643554862,1,0.3413173652694611,0.3413173652694611,0.3373493975903614,0.3399947093764279,0.0018705179022802877,13,0.0,0.0,0.0,0.0,0.0,1,2,0.1,rbf,Tongue
0.11154651641845703,0.015077007880057305,0.040544350941975914,0.00429778456905717,2,1.0,linear,0.5181818181818182,0.5181818181818182,0.509090909090909,0.5151515151515151,0.004285495643554862,1,0.3413173652694611,0.3413173652694611,0.3373493975903614,0.3399947093764279,0.0018705179022802877,13,0.0,0.0,0.0,0.0,0.0,1,2,1.0,linear,Tongue
0.10670781135559082,0.02264433129367286,0.03424819310506185,0.010601958844151639,2,1.0,rbf,0.4,0.4090909090909091,0.37272727272727274,0.393939393939394,0.015451574283614506,36,0.3834918478260869,0.4007208113318247,0.3534372604140046,0.37921663985730536,0.01953870687006984,12,-0.22024324227406025,-0.19311782438935413,-0.2757230233626251,-0.2296946966753465,0.03437927880839578,36,2,1.0,rbf,Tongue
0.11602528889973958,0.020262592359537302,0.039972782135009766,0.006168515615640368,2,10.0,linear,0.5181818181818182,0.5181818181818182,0.509090909090909,0.5151515151515151,0.004285495643554862,1,0.3413173652694611,0.3413173652694611,0.3373493975903614,0.3399947093764279,0.0018705179022802877,13,0.0,0.0,0.0,0.0,0.0,1,2,10.0,linear,Tongue
0.1406559944152832,0.005124834471659911,0.036397457122802734,0.004730947897299213,2,10.0,rbf,0.44545454545454544,0.39090909090909093,0.35454545454545455,0.396969696969697,0.037360084866478634,35,0.44171728097179463,0.389648033126294,0.3540650070300223,0.395143440376037,0.03599425794411539,11,-0.11472725865975045,-0.2154471194598802,-0.291811450327441,-0.2073286094823572,0.0725218835379648,35,2,10.0,rbf,Tongue
0.15270749727884927,0.02559726902930711,0.03104225794474284,0.00560163359994892,3,0.1,linear,0.5181818181818182,0.5181818181818182,0.509090909090909,0.5151515151515151,0.004285495643554862,1,0.3413173652694611,0.3413173652694611,0.3373493975903614,0.3399947093764279,0.0018705179022802877,13,0.0,0.0,0.0,0.0,0.0,1,3,0.1,linear,Tongue
0.16823307673136392,0.009772855225514715,0.04318388303120931,0.0040859921424379695,3,0.1,rbf,0.5181818181818182,0.5181818181818182,0.509090909090909,0.5151515151515151,0.004285495643554862,1,0.3413173652694611,0.3413173652694611,0.3373493975903614,0.3399947093764279,0.0018705179022802877,13,0.0,0.0,0.0,0.0,0.0,1,3,0.1,rbf,Tongue
0.17708969116210938,0.00794000743315741,0.042810519536336265,0.004380261218467595,3,1.0,linear,0.5181818181818182,0.5181818181818182,0.509090909090909,0.5151515151515151,0.004285495643554862,1,0.3413173652694611,0.3413173652694611,0.3373493975903614,0.3399947093764279,0.0018705179022802877,13,0.0,0.0,0.0,0.0,0.0,1,3,1.0,linear,Tongue
0.18247342109680176,0.010603769198049437,0.045352538426717125,0.005475240473136279,3,1.0,rbf,0.5,0.39090909090909093,0.45454545454545453,0.4484848484848485,0.04474188806131332,34,0.47276688453159044,0.38680422664115155,0.4427558257345492,0.43410897896909706,0.03562275122386503,6,-0.016751749825909563,-0.22478538469962733,-0.09966165361011396,-0.11373292937855028,0.08551022906064656,34,3,1.0,rbf,Tongue
0.1733389695485433,0.008751835090558309,0.04078523317972819,0.0052258101350200715,3,10.0,linear,0.5181818181818182,0.5181818181818182,0.509090909090909,0.5151515151515151,0.004285495643554862,1,0.3413173652694611,0.3413173652694611,0.3373493975903614,0.3399947093764279,0.0018705179022802877,13,0.0,0.0,0.0,0.0,0.0,1,3,10.0,linear,Tongue
0.1979356606801351,0.020256979222069073,0.04169416427612305,0.0024807327549127723,3,10.0,rbf,0.5,0.44545454545454544,0.4636363636363636,0.4696969696969697,0.022676711434993592,31,0.4996278223472004,0.4454087114637574,0.46002163241534233,0.4683527220754334,0.02290536017967743,3,-0.0006617039689964649,-0.10851945091542024,-0.07619469762030409,-0.061791950834906934,0.04519515261848995,30,3,10.0,rbf,Tongue
0.4269529978434245,0.007004796761413007,0.05779123306274414,0.004180021494537083,4,0.1,linear,0.5181818181818182,0.5181818181818182,0.509090909090909,0.5151515151515151,0.004285495643554862,1,0.3413173652694611,0.3413173652694611,0.3373493975903614,0.3399947093764279,0.0018705179022802877,13,0.0,0.0,0.0,0.0,0.0,1,4,0.1,linear,Tongue
0.4467482566833496,0.007403604416813567,0.0668780008951823,0.002632667081318739,4,0.1,rbf,0.5181818181818182,0.5181818181818182,0.509090909090909,0.5151515151515151,0.004285495643554862,1,0.3413173652694611,0.3413173652694611,0.3373493975903614,0.3399947093764279,0.0018705179022802877,13,0.0,0.0,0.0,0.0,0.0,1,4,0.1,rbf,Tongue
0.4043866793314616,0.03961556890664335,0.05848201115926107,0.008446362382439234,4,1.0,linear,0.5181818181818182,0.5181818181818182,0.509090909090909,0.5151515151515151,0.004285495643554862,1,0.3413173652694611,0.3413173652694611,0.3373493975903614,0.3399947093764279,0.0018705179022802877,13,0.0,0.0,0.0,0.0,0.0,1,4,1.0,linear,Tongue
0.42498477300008136,0.014802336226816665,0.059795379638671875,0.00836083523094299,4,1.0,rbf,0.4818181818181818,0.43636363636363634,0.4727272727272727,0.4636363636363636,0.019638608176993522,32,0.45359477124183,0.43636363636363634,0.40127627627627627,0.43041156129391417,0.021769652073347027,8,-0.056810282018301995,-0.12611717974180736,-0.09026727036231455,-0.09106491070747463,0.028300043469981672,32,4,1.0,rbf,Tongue
0.4248778820037842,0.029790375907203123,0.056559085845947266,0.00292147916588743,4,10.0,linear,0.5181818181818182,0.5181818181818182,0.509090909090909,0.5151515151515151,0.004285495643554862,1,0.3413173652694611,0.3413173652694611,0.3373493975903614,0.3399947093764279,0.0018705179022802877,13,0.0,0.0,0.0,0.0,0.0,1,4,10.0,linear,Tongue
0.4448384443918864,0.0052960564859565774,0.06293694178263347,0.0037592453792957225,4,10.0,rbf,0.5181818181818182,0.4818181818181818,0.5,0.5,0.014845392380504115,25,0.5133149678604224,0.4817753533349864,0.4905263157894737,0.4952055456616275,0.013294314956667658,1,0.030849175546681366,-0.0344542109225924,-0.004786528713785696,-0.002797188029898909,0.026697080718763457,25,4,10.0,rbf,Tongue
0.7062817414601644,0.048122978096144686,0.08765006065368652,0.011448254232274406,5,0.1,linear,0.5181818181818182,0.5181818181818182,0.509090909090909,0.5151515151515151,0.004285495643554862,1,0.3413173652694611,0.3413173652694611,0.3373493975903614,0.3399947093764279,0.0018705179022802877,13,0.0,0.0,0.0,0.0,0.0,1,5,0.1,linear,Tongue
0.7414617538452148,0.026102734929731544,0.0965108076731364,0.015243123057017121,5,0.1,rbf,0.5181818181818182,0.5181818181818182,0.509090909090909,0.5151515151515151,0.004285495643554862,1,0.3413173652694611,0.3413173652694611,0.3373493975903614,0.3399947093764279,0.0018705179022802877,13,0.0,0.0,0.0,0.0,0.0,1,5,0.1,rbf,Tongue
0.7293952306111654,0.010030014200038555,0.09846973419189453,0.006010986050864703,5,1.0,linear,0.5181818181818182,0.5181818181818182,0.509090909090909,0.5151515151515151,0.004285495643554862,1,0.3413173652694611,0.3413173652694611,0.3373493975903614,0.3399947093764279,0.0018705179022802877,13,0.0,0.0,0.0,0.0,0.0,1,5,1.0,linear,Tongue
0.7357057730356852,0.019565759358270256,0.08937764167785645,0.009099490299091371,5,1.0,rbf,0.509090909090909,0.4727272727272727,0.4636363636363636,0.48181818181818176,0.019638608176993495,28,0.4637053087757313,0.46404569892473113,0.3668910350209736,0.431547347573812,0.04571912824381156,7,-0.0019734002301038086,-0.045984852782496095,-0.13416920752840023,-0.06070915351366671,0.05496384654678955,28,5,1.0,rbf,Tongue
0.7469933827718099,0.014886480622804557,0.09694091478983562,0.009190594586543605,5,10.0,linear,0.5181818181818182,0.5181818181818182,0.509090909090909,0.5151515151515151,0.004285495643554862,1,0.3413173652694611,0.3413173652694611,0.3373493975903614,0.3399947093764279,0.0018705179022802877,13,0.0,0.0,0.0,0.0,0.0,1,5,10.0,linear,Tongue
0.7345782121022543,0.025910622894343684,0.09167027473449707,0.009398331996905885,5,10.0,rbf,0.5363636363636364,0.4727272727272727,0.4636363636363636,0.4909090909090909,0.03235478258191307,26,0.5354037267080745,0.47255291005291006,0.45347368421052636,0.4871434403238369,0.035002815563919376,2,0.07089616478302667,-0.054581553460422226,-0.08000340850184663,-0.0212295990597474,0.06596430828434284,26,5,10.0,rbf,Tongue
0.9552918275197347,0.022078852966972658,0.0915992259979248,0.0038888274476685395,6,0.1,linear,0.5181818181818182,0.5181818181818182,0.509090909090909,0.5151515151515151,0.004285495643554862,1,0.3413173652694611,0.3413173652694611,0.3373493975903614,0.3399947093764279,0.0018705179022802877,13,0.0,0.0,0.0,0.0,0.0,1,6,0.1,linear,Tongue
0.8856048583984375,0.03043878803263458,0.0980079968770345,0.003331076684914304,6,0.1,rbf,0.5181818181818182,0.5181818181818182,0.509090909090909,0.5151515151515151,0.004285495643554862,1,0.3413173652694611,0.3413173652694611,0.3373493975903614,0.3399947093764279,0.0018705179022802877,13,0.0,0.0,0.0,0.0,0.0,1,6,0.1,rbf,Tongue
0.8533756732940674,0.1030843028425173,0.09982665379842122,0.013642971091539283,6,1.0,linear,0.5181818181818182,0.5181818181818182,0.509090909090909,0.5151515151515151,0.004285495643554862,1,0.3413173652694611,0.3413173652694611,0.3373493975903614,0.3399947093764279,0.0018705179022802877,13,0.0,0.0,0.0,0.0,0.0,1,6,1.0,linear,Tongue
0.8401452700297037,0.028104726642206507,0.09734773635864258,0.004885587115035294,6,1.0,rbf,0.5,0.4909090909090909,0.4636363636363636,0.48484848484848486,0.015451574283614506,27,0.4193300700643056,0.4654633807705658,0.3668910350209736,0.4172281619519483,0.04026942885058824,9,-0.03659277303037827,-0.0011261711142291045,-0.13416920752840023,-0.057296050557669204,0.05625289124335233,27,6,1.0,rbf,Tongue
0.8209337393442789,0.047124962839474344,0.090943177541097,0.003255583859739841,6,10.0,linear,0.5181818181818182,0.5181818181818182,0.509090909090909,0.5151515151515151,0.004285495643554862,1,0.3413173652694611,0.3413173652694611,0.3373493975903614,0.3399947093764279,0.0018705179022802877,13,0.0,0.0,0.0,0.0,0.0,1,6,10.0,linear,Tongue
0.9500753879547119,0.10316699006795664,0.11769064267476399,0.010619137741273233,6,10.0,rbf,0.4818181818181818,0.45454545454545453,0.4818181818181818,0.47272727272727266,0.012856486930664506,30,0.46913893827787656,0.45164506480558325,0.47832598385889014,0.4663699956474499,0.011067012329447781,4,-0.048136405542618055,-0.095508841361828,-0.03943409789121002,-0.06102644826521869,0.024640199063951783,29,6,10.0,rbf,Tongue
1.0448452631632488,0.14885095726710904,0.1074999173482259,0.0077448200018584434,7,0.1,linear,0.5181818181818182,0.5181818181818182,0.509090909090909,0.5151515151515151,0.004285495643554862,1,0.3413173652694611,0.3413173652694611,0.3373493975903614,0.3399947093764279,0.0018705179022802877,13,0.0,0.0,0.0,0.0,0.0,1,7,0.1,linear,Tongue
1.028765598932902,0.07311171391286571,0.12574553489685059,0.024978958293513195,7,0.1,rbf,0.5181818181818182,0.5181818181818182,0.509090909090909,0.5151515151515151,0.004285495643554862,1,0.3413173652694611,0.3413173652694611,0.3373493975903614,0.3399947093764279,0.0018705179022802877,13,0.0,0.0,0.0,0.0,0.0,1,7,0.1,rbf,Tongue
1.0003472963968914,0.10919946160982386,0.10544919967651367,0.009621827213862143,7,1.0,linear,0.5181818181818182,0.5181818181818182,0.509090909090909,0.5151515151515151,0.004285495643554862,1,0.3413173652694611,0.3413173652694611,0.3373493975903614,0.3399947093764279,0.0018705179022802877,13,0.0,0.0,0.0,0.0,0.0,1,7,1.0,linear,Tongue
1.060590664545695,0.09191140577148842,0.11156551043192546,0.006770182508577443,7,1.0,rbf,0.509090909090909,0.4636363636363636,0.4727272727272727,0.48181818181818176,0.019638608176993495,28,0.42530959752321984,0.43442265795206975,0.3722943722943723,0.4106755425898873,0.027393401182705297,10,-0.012049172276200792,-0.06302992401111544,-0.11029829031306403,-0.06179246220012676,0.040119577785711326,31,7,1.0,rbf,Tongue
1.0987966855367024,0.015790300705060552,0.10676987965901692,0.006817307788476421,7,10.0,linear,0.5181818181818182,0.5181818181818182,0.509090909090909,0.5151515151515151,0.004285495643554862,1,0.3413173652694611,0.3413173652694611,0.3373493975903614,0.3399947093764279,0.0018705179022802877,13,0.0,0.0,0.0,0.0,0.0,1,7,10.0,linear,Tongue
0.8959658940633138,0.04184825510780442,0.1136473019917806,0.009849450191629841,7,10.0,rbf,0.4090909090909091,0.43636363636363634,0.5272727272727272,0.4575757575757575,0.050525248486463815,33,0.38673985762072216,0.4081916001388407,0.5247590561648388,0.43989683797480056,0.06064234698275979,5,-0.20726923915229167,-0.15483872874517277,0.052668352080900316,-0.10314653860552138,0.11223769338656214,33,7,10.0,rbf,Tongue
