mean_fit_time,std_fit_time,mean_score_time,std_score_time,param_kmer__k,param_model__learning_rate,param_model__n_estimators,split0_test_accuracy,split1_test_accuracy,split2_test_accuracy,mean_test_accuracy,std_test_accuracy,rank_test_accuracy,split0_test_f1_macro,split1_test_f1_macro,split2_test_f1_macro,mean_test_f1_macro,std_test_f1_macro,rank_test_f1_macro,split0_test_mcc,split1_test_mcc,split2_test_mcc,mean_test_mcc,std_test_mcc,rank_test_mcc,kmer__k,model__learning_rate,model__n_estimators,cancer
0.2854301929473877,0.06106145927443263,0.04335737228393555,0.007817603162134465,2,0.01,200,0.47297297297297297,0.4594594594594595,0.5205479452054794,0.4843267925459706,0.026199652502244614,14,0.46821448313985625,0.4530672579453067,0.5201877934272301,0.4804898448374644,0.02874375235827039,15,-0.05504818825631803,-0.07684209406780718,0.04057101069932575,-0.030439757208266482,0.050994381728117606,13,2,0.01,200,Thyroid
0.3005677858988444,0.06368846053154065,0.03704373041788737,0.010742093023847234,2,0.01,300,0.5135135135135135,0.4864864864864865,0.4931506849315068,0.4977168949771689,0.011496456065986621,6,0.5102941176470588,0.48308823529411765,0.4927699530516432,0.4953841019976066,0.011259524551367745,7,0.027389551783238836,-0.02232498832403416,-0.014274985246059059,-0.003070140595618128,0.021787538980646712,7,2,0.01,300,Thyroid
0.363237460454305,0.08971400463322031,0.03741844495137533,0.009751704216072429,2,0.01,400,0.5405405405405406,0.47297297297297297,0.5205479452054794,0.5113538195729976,0.028340112989175457,4,0.5391941391941392,0.4705558613098514,0.5201877934272301,0.5099792646437402,0.028936296038858455,1,0.08155908717405552,-0.05035594949666497,0.04057101069932575,0.023924716125572103,0.05512542406329115,4,2,0.01,400,Thyroid
0.19576525688171387,0.03178832735781274,0.02956541379292806,0.0023142042637001,2,0.1,200,0.4864864864864865,0.43243243243243246,0.5342465753424658,0.48438849808712825,0.0415919150045539,13,0.48308823529411765,0.42572062084257206,0.532051282051282,0.48028671272932394,0.04345448787548609,16,-0.027389551783238836,-0.13259027996013786,0.06732416515595016,-0.03088522219580885,0.08165215296301472,15,2,0.1,200,Thyroid
0.25993673006693524,0.022990339792588615,0.04684281349182129,0.005935644917620272,2,0.1,300,0.47297297297297297,0.4189189189189189,0.547945205479452,0.4799456991237813,0.05290500819633132,17,0.4705558613098514,0.41625389836727206,0.5465838509316769,0.47779787020293346,0.05345283998358189,17,-0.0545544725589981,-0.15995419251881815,0.09502359722450013,-0.03982835595110537,0.10461377282926276,17,2,0.1,300,Thyroid
0.2705974578857422,0.06307254802970148,0.034620205561319985,0.004889850032843747,2,0.1,400,0.47297297297297297,0.4189189189189189,0.5616438356164384,0.4845119091694434,0.058835707683844114,12,0.4705558613098514,0.41625389836727206,0.5595776772247361,0.48212914563395315,0.059081198808818396,13,-0.0545544725589981,-0.15995419251881815,0.12254510960970702,-0.03065451848936974,0.11656148528902016,14,2,0.1,400,Thyroid
1.241496245066325,0.08039688137782426,0.054283459981282554,0.0035041413093970797,3,0.01,200,0.5675675675675675,0.40540540540540543,0.4383561643835616,0.47044304578551155,0.06998246293586197,27,0.5647058823529412,0.4049707602339181,0.4315289648622982,0.4670685358163858,0.06988620816391589,25,0.13694775891619418,-0.19005847953216373,-0.12886406652139457,-0.06065826237912137,0.14194434069981252,27,3,0.01,200,Thyroid
1.7156349817911785,0.12586797492444352,0.05650083223978678,0.0046594548585696585,3,0.01,300,0.527027027027027,0.43243243243243246,0.4520547945205479,0.47050475132666914,0.04076219663069959,25,0.5248578242524308,0.43201754385964913,0.44947209653092,0.46878248821433327,0.04028645625250672,23,0.0545544725589981,-0.13596491228070176,-0.09833866820532045,-0.05991636930900804,0.08238775713774707,26,3,0.01,300,Thyroid
1.9955557187398274,0.06527430386494765,0.05611356099446615,0.004076575575191284,3,0.01,400,0.5540540540540541,0.40540540540540543,0.4520547945205479,0.47050475132666914,0.062072032703293735,25,0.5473586654309546,0.40540540540540543,0.45112781954887216,0.46796396346174407,0.05916234058003166,24,0.11145564251507055,-0.18859649122807018,-0.09706571005669763,-0.05806885292323242,0.12556110568343162,23,3,0.01,400,Thyroid
0.5493379433949789,0.0503280800574196,0.05302508672078451,0.002394516389709273,3,0.1,200,0.5945945945945946,0.4189189189189189,0.4794520547945205,0.49765518943601134,0.07286517841927187,8,0.5898004434589801,0.41881278538812783,0.47935435435435436,0.49598919440048744,0.07078951537555542,6,0.19377278632539324,-0.16222142113076252,-0.04057101069932575,-0.0030065485015650074,0.14774140821209505,6,3,0.1,200,Thyroid
0.5653253396352133,0.049235522470143296,0.04909706115722656,0.003007202638630317,3,0.1,300,0.5945945945945946,0.4189189189189189,0.5068493150684932,0.5067876095273356,0.07171930754316515,5,0.5898004434589801,0.41881278538812783,0.5060150375939849,0.5048760888136976,0.06981006472986427,3,0.19377278632539324,-0.16222142113076252,0.015083110670555577,0.015544825288395436,0.14533439331618506,5,3,0.1,300,Thyroid
0.7581150531768799,0.03099129338497582,0.05621568361918131,0.003506614037109803,3,0.1,400,0.5945945945945946,0.40540540540540543,0.4794520547945205,0.4931506849315068,0.07784119165428276,11,0.5870535714285714,0.40540540540540543,0.47857142857142854,0.4903434684684685,0.0746232749544807,11,0.19650211491552108,-0.18859649122807018,-0.039970243276972274,-0.010688206529840457,0.1585734579944565,9,3,0.1,400,Thyroid
2.582988739013672,0.16765385065924474,0.0419625441233317,0.0024038696770108544,4,0.01,200,0.44594594594594594,0.5540540540540541,0.4931506849315068,0.4977168949771689,0.04425289794890595,6,0.4450338394000366,0.5533199195171026,0.4869895536562203,0.49511443752445317,0.04457936062188503,8,-0.1084652289093281,0.10684236221021502,-0.010806639168436384,-0.004143168622516486,0.08802515200483836,8,4,0.01,200,Thyroid
3.3288375536600747,0.6083275271954752,0.040854851404825844,0.005754158721560754,4,0.01,300,0.40540540540540543,0.527027027027027,0.5205479452054794,0.4843267925459706,0.05586849819863189,14,0.4049707602339181,0.5262483994878361,0.5147198480531814,0.4819796692583118,0.05465653926348237,14,-0.18946618668626838,0.05268938410366768,0.04554226506698191,-0.030411512505206267,0.11250648088521838,12,4,0.01,300,Thyroid
4.101794322331746,0.7486662567251164,0.04125499725341797,0.006601960017015342,4,0.01,400,0.44594594594594594,0.47297297297297297,0.5068493150684932,0.475256077995804,0.024916052643871544,23,0.4458447488584475,0.4705558613098514,0.4992378048780488,0.4718794716821159,0.021817707885893142,22,-0.10814761408717502,-0.05733273445251315,0.01788195203698683,-0.04919946550090045,0.05177177758998668,21,4,0.01,400,Thyroid
0.9868164857228597,0.14805378328786525,0.04223855336507162,0.010055596969433016,4,0.1,200,0.4864864864864865,0.4189189189189189,0.4931506849315068,0.46618536344563744,0.03353297351241681,29,0.48041389504804144,0.41881278538812783,0.4927699530516432,0.4639988778292708,0.03234713026861097,26,-0.02768182661791332,-0.16222142113076252,-0.01279160520127023,-0.06756495098331536,0.06720771373902493,28,4,0.1,200,Thyroid
1.27389923731486,0.08261944386152596,0.05719264348347982,0.008862999706056265,4,0.1,300,0.5,0.44594594594594594,0.4794520547945205,0.4751326669134888,0.022277836873894077,24,0.4954855352865303,0.4450338394000366,0.47935435435435436,0.47329124301364045,0.02103828880562345,21,0.0,-0.10976955021597433,-0.04057101069932575,-0.05011352030510002,0.04531837858114923,22,4,0.1,300,Thyroid
1.3774645328521729,0.17194486468260237,0.050450642903645836,0.01083119429628643,4,0.1,400,0.4864864864864865,0.4864864864864865,0.4794520547945205,0.48414167592249785,0.003316062900788475,16,0.48308823529411765,0.4849816849816849,0.47935435435435436,0.4824747582100523,0.002337944695215312,12,-0.027389551783238836,-0.029325639294907786,-0.04057101069932575,-0.03242873392582413,0.005811460631398279,16,4,0.1,400,Thyroid
4.366000652313232,0.4522152139498662,0.04233733812967936,0.004458771114112935,5,0.01,200,0.44594594594594594,0.44594594594594594,0.3972602739726027,0.4297173886214982,0.022950645865983228,34,0.4458447488584475,0.44094343099318223,0.39714714714714716,0.42797844233292565,0.021892651755456623,34,-0.10814761408717502,-0.11404141503656479,-0.20510899853548015,-0.14243267588640665,0.044384120944438596,34,5,0.01,200,Thyroid
5.502152283986409,0.6040963596378057,0.036764939626057945,0.0032586924654200303,5,0.01,300,0.47297297297297297,0.4594594594594595,0.410958904109589,0.4477971121806738,0.026626352138265592,32,0.4728767123287671,0.4494047619047619,0.410958904109589,0.44441345944770605,0.025523042776154106,32,-0.05407380704358751,-0.09040246360918491,-0.17792792792792791,-0.10746806619356679,0.051983246715868285,32,5,0.01,300,Thyroid
6.0017409324646,0.31096708302848103,0.037383079528808594,0.001060427001852036,5,0.01,400,0.47297297297297297,0.5,0.3972602739726027,0.45674441564852525,0.043484766533203545,31,0.4728767123287671,0.4887021475256769,0.39714714714714716,0.4529086690005304,0.03995515477254384,30,-0.05407380704358751,-0.007589726746856248,-0.20510899853548015,-0.08892417744197463,0.08431835276559765,31,5,0.01,400,Thyroid
1.841492493947347,0.2698607370733349,0.06533432006835938,0.003489598517631626,5,0.1,200,0.4594594594594595,0.4594594594594595,0.3835616438356164,0.43416018758484515,0.03577857340324382,33,0.4594594594594595,0.45787545787545786,0.38170525127046867,0.4330133895351287,0.036286095173345495,33,-0.08108108108108109,-0.0835780719904872,-0.23529652646066698,-0.13331855984407842,0.07211651681984718,33,5,0.1,200,Thyroid
1.9514365990956624,0.3533182751681068,0.052101453145345054,0.004633664785648519,5,0.1,300,0.43243243243243246,0.44594594594594594,0.3835616438356164,0.42064667407133155,0.026797118782410298,35,0.43243243243243246,0.44340487983856175,0.3830985915492958,0.41964530127342997,0.026227786083530595,35,-0.13513513513513514,-0.11172532867669228,-0.23365896902759828,-0.16017314427980855,0.05283388804389714,35,5,0.1,300,Thyroid
2.305875380833944,0.15620182871923596,0.05075192451477051,0.013324180981180062,5,0.1,400,0.4189189189189189,0.47297297297297297,0.3561643835616438,0.41601875848451186,0.04773098111970948,36,0.41881278538812783,0.46821448313985625,0.3561643835616438,0.41439721736320934,0.04585069344883705,36,-0.16222142113076252,-0.0592422935254882,-0.2875375375375375,-0.16966708406459607,0.09334972962654466,36,5,0.1,400,Thyroid
5.450897932052612,0.5363687818118661,0.04385558764139811,0.0065764275114003476,6,0.01,200,0.44594594594594594,0.4864864864864865,0.5068493150684932,0.47976058250030856,0.025314467944145744,18,0.4376274328081557,0.48041389504804144,0.5067567567567568,0.47493269487098466,0.02848682179457002,20,-0.11145564251507055,-0.03274331620858344,0.014274985246059059,-0.04330799115919831,0.051870074589696676,20,6,0.01,200,Thyroid
8.232057809829712,0.7229608745142903,0.0491179625193278,0.012416752139988956,6,0.01,300,0.43243243243243246,0.5,0.5068493150684932,0.47976058250030856,0.03358267034113896,18,0.4307692307692308,0.49249304911955516,0.5067567567567568,0.47667301221518094,0.03297707488713998,19,-0.1359318119567592,-0.005987447004604359,0.014274985246059059,-0.04254809123843484,0.06654838345933824,19,6,0.01,300,Thyroid
7.794848124186198,0.2689963360541123,0.04160149892171224,0.003257318222482494,6,0.01,400,0.43243243243243246,0.527027027027027,0.4794520547945205,0.4796371714179933,0.038618303369880085,20,0.42867647058823527,0.5248578242524308,0.47935435435435436,0.47762954973167343,0.03928480971409585,18,-0.13694775891619418,0.05145245399584513,-0.04057101069932575,-0.04202210520655827,0.07692090878635069,18,6,0.01,400,Thyroid
2.696923812230428,0.3119242834465157,0.05027929941813151,0.011393195224343131,6,0.1,200,0.43243243243243246,0.44594594594594594,0.5068493150684932,0.4617425644822905,0.03236889425775305,30,0.43201754385964913,0.44094343099318223,0.504524886877828,0.4591619539102198,0.032282757325936204,29,-0.1353329904901917,-0.11404141503656479,0.015946364620474638,-0.07780934696876061,0.0668627095274452,30,6,0.1,200,Thyroid
2.821300824483236,0.21912601413580118,0.05587124824523926,0.008714944498400563,6,0.1,300,0.4864864864864865,0.4594594594594595,0.5342465753424658,0.4933975070961372,0.030920325892254283,9,0.4861111111111111,0.45588235294117646,0.5334586466165414,0.491817370222943,0.03192638803967798,9,-0.02706659809803834,-0.08554907265307864,0.07013646461808343,-0.014159735377677849,0.06421026375803311,10,6,0.1,300,Thyroid
3.1019259293874106,0.467238202075072,0.06065829594930013,0.010457797950531936,6,0.1,400,0.4864864864864865,0.4594594594594595,0.5342465753424658,0.4933975070961372,0.030920325892254283,9,0.4861111111111111,0.45588235294117646,0.5334586466165414,0.491817370222943,0.03192638803967798,9,-0.02706659809803834,-0.08554907265307864,0.07013646461808343,-0.014159735377677849,0.06421026375803311,10,6,0.1,400,Thyroid
6.178720474243164,0.381537300343733,0.049811204274495445,0.00390185745678597,7,0.01,200,0.5,0.5405405405405406,0.5205479452054794,0.5203628285820067,0.016551123989083396,1,0.47857550942677585,0.5375,0.5022404052211182,0.5061053048826313,0.024210562218085284,2,0.0,0.08781162074120102,0.05071578459794273,0.04617580177971459,0.03599239519020175,1,7,0.01,200,Thyroid
8.593739748001099,1.0075140826328282,0.053439060846964516,0.009481722817256732,7,0.01,300,0.5135135135135135,0.47297297297297297,0.5616438356164384,0.516043440700975,0.036243904031477904,2,0.4954545454545455,0.46506024096385545,0.5472868217054263,0.5026005360412757,0.03394703257735248,5,0.029197858123689188,-0.06137133179719468,0.13816405718566008,0.035330194504051525,0.08157531091470517,2,7,0.01,300,Thyroid
9.867663462956747,1.299081595555587,0.047276814778645836,0.0024885545346941696,7,0.01,400,0.5,0.4864864864864865,0.5616438356164384,0.516043440700975,0.03271290035245672,2,0.4840776333144903,0.47693452380952384,0.5514592933947773,0.5041571501729304,0.033574549571414626,4,0.0,-0.03465427771685422,0.1344640493982707,0.03326992389380549,0.07294024046427462,3,7,0.01,400,Thyroid
4.651315450668335,0.4651670736308725,0.07341980934143066,0.009300452088819515,7,0.1,200,0.4594594594594595,0.4189189189189189,0.547945205479452,0.47544119461927686,0.05387335488556538,22,0.4494047619047619,0.3865432812801234,0.5424501424501424,0.4594660618783426,0.06404508650339322,28,-0.08421519210665189,-0.19287961309307528,0.1018911693024002,-0.058401211965775655,0.12171613072102193,25,7,0.1,200,Thyroid
5.553647677103679,0.4499085506414365,0.06319618225097656,0.010290526509941911,7,0.1,300,0.4594594594594595,0.40540540540540543,0.5616438356164384,0.47550290016043445,0.0647850587756479,21,0.4494047619047619,0.37624521072796935,0.5575757575757576,0.4610752434028296,0.07448642788601173,27,-0.08421519210665189,-0.21902540996188619,0.12886406652139457,-0.058125511849047844,0.1432184241497599,24,7,0.1,300,Thyroid
5.33816393216451,0.3504099854379696,0.05529491106669108,0.004474397374089133,7,0.1,400,0.44594594594594594,0.40540540540540543,0.547945205479452,0.4664321856102678,0.05996756436038469,28,0.4376274328081557,0.37624521072796935,0.5424501424501424,0.45210759532875583,0.06862106655228796,31,-0.11145564251507055,-0.21902540996188619,0.1018911693024002,-0.07619662772485218,0.13336481621141155,29,7,0.1,400,Thyroid
0.44631044069925946,0.019759523081843075,0.04050755500793457,0.0008834588357701553,2,0.01,200,0.45454545454545453,0.43636363636363634,0.41818181818181815,0.43636363636363634,0.014845392380504115,29,0.44797591167614587,0.43336656696576936,0.41333333333333333,0.43155860399174956,0.014200436757274898,30,-0.0992393059150927,-0.13211501749353907,-0.16891598117304407,-0.1334234348605586,0.02846042557371249,30,2,0.01,200,Tongue
0.5792787075042725,0.0260386089728488,0.038980563481648765,0.008498817384627008,2,0.01,300,0.42727272727272725,0.4727272727272727,0.38181818181818183,0.42727272727272725,0.03711348095126026,34,0.42148760330578516,0.47115384615384615,0.3766666666666667,0.42310270537543265,0.03859113186456314,34,-0.15357524348239202,-0.05737988144835674,-0.242649147558103,-0.15120142416295057,0.07565448435632444,35,2,0.01,300,Tongue
0.699476957321167,0.019267798285816783,0.035585244496663414,0.010422435648738642,2,0.01,400,0.41818181818181815,0.41818181818181815,0.4090909090909091,0.4151515151515151,0.004285495643554809,36,0.41117430578788894,0.41798941798941797,0.40668824163969797,0.4119506551390016,0.004646230404539252,36,-0.1732482798178737,-0.16374466038126667,-0.18493577884659204,-0.1739762396819108,0.008666537933361864,36,2,0.01,400,Tongue
0.332154115041097,0.029104918316325466,0.042260169982910156,0.005355235254682194,2,0.1,200,0.5,0.45454545454545453,0.41818181818181815,0.4575757575757576,0.03347079096117353,22,0.49663033530243783,0.45454545454545453,0.41818181818181815,0.4564525360099035,0.03205485069262865,22,-0.004669132619873565,-0.08970539556438266,-0.16335978835978837,-0.08591143884801487,0.0648407106452178,22,2,0.1,200,Tongue
0.412952184677124,0.01225257855376555,0.04175504048665365,0.005308311774487223,2,0.1,300,0.4727272727272727,0.43636363636363634,0.42727272727272725,0.4454545454545455,0.019638608176993522,28,0.47115384615384615,0.4361772486772487,0.42722539052814285,0.44485216178641257,0.018953766406768217,27,-0.05737988144835674,-0.12735695807431852,-0.14491316921022582,-0.10988333624430036,0.03781106285638644,28,2,0.1,300,Tongue
0.45355955759684247,0.015202799069712218,0.04526392618815104,0.005237907386477547,2,0.1,400,0.4727272727272727,0.44545454545454544,0.43636363636363634,0.4515151515151515,0.015451574283614506,25,0.47115384615384615,0.4450417666032586,0.4361772486772487,0.4507909538114512,0.014846558701735428,25,-0.05737988144835674,-0.10984285885341318,-0.1264901771766437,-0.09790430582613789,0.02945001449011096,25,2,0.1,400,Tongue
1.8337835470835369,0.2436312482177945,0.03943904240926107,0.006668281231739275,3,0.01,200,0.44545454545454544,0.4909090909090909,0.41818181818181815,0.4515151515151515,0.029998469504883846,25,0.4454087114637574,0.4847775175644028,0.39829059829059826,0.4428256091062528,0.0353553495689163,28,-0.10851945091542024,-0.025230332012311705,-0.1810944394221988,-0.10494807411664359,0.06368134757708013,26,3,0.01,200,Tongue
2.359282652537028,0.3675284815353361,0.0381308396657308,0.006759678762186415,3,0.01,300,0.44545454545454544,0.43636363636363634,0.41818181818181815,0.43333333333333335,0.011338355717496796,31,0.4454087114637574,0.43166666666666664,0.40217391304347827,0.4264164303913008,0.018036734447989155,32,-0.10851945091542024,-0.1340756176414518,-0.17800041753662538,-0.14019849536449913,0.02869399942337303,32,3,0.01,300,Tongue
2.792913834253947,0.7437850604069227,0.03510284423828125,0.0061942685111583615,3,0.01,400,0.43636363636363634,0.41818181818181815,0.42727272727272725,0.42727272727272725,0.0074226961902520575,34,0.43636363636363634,0.41508806912595547,0.4164210526315789,0.42262425270705695,0.009730440507451433,35,-0.12611717974180736,-0.16872119362525015,-0.15522028828990755,-0.15001955388565502,0.017777536921685343,34,3,0.01,400,Tongue
0.9639785289764404,0.03539031170402576,0.044004360834757485,0.0036688750476660636,3,0.1,200,0.44545454545454544,0.44545454545454544,0.4090909090909091,0.43333333333333335,0.017141982574219315,31,0.4450417666032586,0.44171728097179463,0.39789473684210525,0.42821792813905285,0.021484645664627735,31,-0.10984285885341318,-0.11472725865975045,-0.19282872818393804,-0.13913294856570055,0.038020975807000555,31,3,0.1,200,Tongue
0.7913904984792074,0.17965489514076805,0.03792532285054525,0.008294610428726862,3,0.1,300,0.45454545454545453,0.43636363636363634,0.41818181818181815,0.43636363636363634,0.014845392380504115,29,0.4538232373386296,0.43336656696576936,0.41117430578788894,0.4327880366974293,0.017416158465794154,29,-0.09235352532274081,-0.13211501749353907,-0.17075023788849333,-0.13173959356825773,0.03200642479901038,29,3,0.1,300,Tongue
1.1853735446929932,0.044201038489318716,0.040462334950764976,0.0031381308161160973,3,0.1,400,0.45454545454545453,0.42727272727272725,0.4090909090909091,0.43030303030303035,0.018680042433239306,33,0.45436507936507936,0.42341292952824694,0.4007208113318247,0.4261662734083836,0.021986549677740587,33,-0.09096925576737037,-0.15141330067304273,-0.19040300269385887,-0.14426185304475733,0.040907415051922004,33,3,0.1,400,Tongue
4.702160835266113,0.7065044146927026,0.038222551345825195,0.007188515157042228,4,0.01,200,0.4636363636363636,0.44545454545454544,0.45454545454545453,0.45454545454545453,0.0074226961902520575,23,0.46002163241534233,0.4454087114637574,0.45436507936507936,0.45326514108139304,0.00601618721202816,23,-0.07804121664645815,-0.10733811864346093,-0.09126984126984126,-0.09221639218658678,0.011979123107417345,23,4,0.01,200,Tongue
5.948374430338542,0.8965072157514002,0.03110957145690918,0.0023916063304353307,4,0.01,300,0.45454545454545453,0.45454545454545453,0.43636363636363634,0.4484848484848485,0.00857099128710967,27,0.45,0.45454545454545453,0.4346816976127321,0.4464090507193956,0.008497583869252666,26,-0.09729676990938271,-0.08970539556438266,-0.12948309934455932,-0.10549508827277489,0.0172428873741517,27,4,0.01,300,Tongue
6.721118609110515,0.6063036587880989,0.02973620096842448,0.005142936103473344,4,0.01,400,0.43636363636363634,0.4636363636363636,0.4636363636363636,0.45454545454545453,0.012856486930664506,23,0.43166666666666664,0.46359203239937186,0.4632371185179059,0.4528319391946481,0.014966809097769419,24,-0.1340756176414518,-0.07212573262061467,-0.0734491405586076,-0.09321683027355802,0.028896576856364285,24,4,0.01,400,Tongue
1.9690486590067546,0.11668940946496115,0.046038548151652016,0.0036466406248875757,4,0.1,200,0.4636363636363636,0.4818181818181818,0.44545454545454544,0.4636363636363636,0.014845392380504115,20,0.4614554808729566,0.4807453416149068,0.4431997344618704,0.46180018564991127,0.015329867800255727,20,-0.07639973391564339,-0.03842969679827614,-0.11175975124542252,-0.07552972731978068,0.02994318959755843,20,4,0.1,200,Tongue
1.9935084978739421,0.38882339068569555,0.04327130317687988,0.00415170573629897,4,0.1,300,0.4636363636363636,0.4909090909090909,0.44545454545454544,0.4666666666666666,0.018680042433239327,19,0.46002163241534233,0.4902350215160543,0.4431997344618704,0.46448546279775565,0.0194597686407896,19,-0.07804121664645815,-0.019529956967891428,-0.11175975124542252,-0.06977697495325737,0.038103429471126396,19,4,0.1,300,Tongue
2.098539113998413,0.43051096817905116,0.037856101989746094,0.010182796774471443,4,0.1,400,0.4818181818181818,0.4909090909090909,0.44545454545454544,0.47272727272727266,0.019638608176993522,17,0.47832598385889014,0.4893899204244032,0.4431997344618704,0.4703052129150546,0.019691502307906807,16,-0.04135517463316586,-0.02089556376443049,-0.11175975124542252,-0.05800349654767296,0.0389182914028182,16,4,0.1,400,Tongue
5.858282168706258,0.38640484482273757,0.03112681706746419,0.0038036108313784013,5,0.01,200,0.5363636363636364,0.44545454545454544,0.509090909090909,0.4969696969696969,0.03809031845447436,11,0.5344784665173015,0.4431997344618704,0.5089285714285714,0.4955355908025811,0.03844893304933102,10,0.06975627879254397,-0.11293873709269023,0.017857142857142856,-0.008441771814334469,0.0768682504549168,11,5,0.01,200,Tongue
8.653331359227499,1.500871102497803,0.036448001861572266,0.005222234886052824,5,0.01,300,0.5545454545454546,0.4727272727272727,0.5,0.5090909090909091,0.034015067152490384,7,0.5527342129283876,0.47115384615384615,0.49995867427060087,0.5079489111176115,0.03378088191488073,5,0.1062952819695908,-0.05737988144835674,0.0,0.01630513350707802,0.06780748638110538,7,5,0.01,300,Tongue
11.821373542149862,0.3877252337087478,0.04053870836893717,0.01118215071475846,5,0.01,400,0.5545454545454546,0.45454545454545453,0.4909090909090909,0.5,0.04132782332419958,9,0.5542138780911421,0.45164506480558325,0.4909090909090909,0.49892267793527206,0.04225520518209634,9,0.10851945091542024,-0.095508841361828,-0.017857142857142856,-0.0016155111011835362,0.08408221755704233,10,5,0.01,400,Tongue
3.232064167658488,0.01939996869001283,0.0537255605061849,0.009338324812957386,5,0.1,200,0.5727272727272728,0.41818181818181815,0.5181818181818182,0.503030303030303,0.06399609721800874,8,0.5724092300057895,0.41508806912595547,0.5181419952062154,0.5018797647793202,0.06524738574067027,7,0.14491316921022582,-0.16872119362525015,0.036369648372665396,0.004187207985880355,0.13004719781612745,8,5,0.1,200,Tongue
3.527077595392863,0.05015769658316691,0.055238564809163414,0.007289027787400869,5,0.1,300,0.5454545454545454,0.41818181818181815,0.509090909090909,0.4909090909090909,0.053525823432289975,13,0.5453042328042328,0.41508806912595547,0.5089285714285714,0.4897736244529199,0.054858887557088946,12,0.09096925576737037,-0.16872119362525015,0.017857142857142856,-0.019964931666912305,0.10933942371475681,13,5,0.1,300,Tongue
3.201234976450602,0.4431778397136313,0.03773061434427897,0.0026043278871956447,5,0.1,400,0.5454545454545454,0.43636363636363634,0.5181818181818182,0.5,0.046354722850843494,9,0.5453042328042328,0.4346816976127321,0.5178231742618477,0.49926970155960415,0.047028429947804776,8,0.09096925576737037,-0.13034851681620924,0.0357320143258091,-0.0012157489076765869,0.09405403419066281,9,5,0.1,400,Tongue
6.04352871576945,0.15373130079780922,0.04018902778625488,0.004469667382825351,6,0.01,200,0.4636363636363636,0.4909090909090909,0.5,0.48484848484848486,0.015451574283614506,14,0.4505122343578021,0.4735042735042735,0.4989648033126294,0.47432710372490167,0.0197892335502508,15,-0.08595786704038938,-0.031856916529019966,0.0019957098436682594,-0.038606357908580365,0.03622268295674274,15,6,0.01,200,Tongue
10.067027966181437,0.7248115271739602,0.04530048370361328,0.011458108325265733,6,0.01,300,0.4636363636363636,0.4909090909090909,0.5272727272727272,0.49393939393939396,0.026067652324371582,12,0.45603889028581013,0.4825268817204301,0.5272727272727272,0.48861283309298914,0.029397777535629395,13,-0.08170369493395752,-0.026778120992338228,0.05489417989417989,-0.017862545344038618,0.056121062408251494,12,6,0.01,300,Tongue
11.045588731765747,0.9981225266341287,0.03728214899698893,0.0017673686971542218,6,0.01,400,0.4727272727272727,0.4636363636363636,0.5181818181818182,0.48484848484848486,0.02386062992124792,14,0.46404569892473113,0.45821854912764004,0.5178231742618477,0.4800291407714063,0.026830090623488248,14,-0.06406411224749271,-0.07980547587076266,0.03779226002485593,-0.03535910936446648,0.05212350566893867,14,6,0.01,400,Tongue
3.3301080067952475,0.4610494959035268,0.04932395617167155,0.013015105055990194,6,0.1,200,0.5,0.42727272727272725,0.4818181818181818,0.4696969696969697,0.030903148567229012,18,0.4949494949494949,0.42148760330578516,0.4807453416149068,0.465727479956729,0.031815242757271385,18,-0.006035708259133311,-0.15357524348239202,-0.03779226002485593,-0.06580107058879375,0.063405303223935,18,6,0.1,200,Tongue
4.3082200686136884,0.15818692642947416,0.055522759755452476,0.009966001278749904,6,0.1,300,0.4909090909090909,0.42727272727272725,0.5,0.4727272727272727,0.03235478258191307,16,0.4893899204244032,0.42148760330578516,0.4989648033126294,0.46994744234760594,0.03448851592003917,17,-0.02089556376443049,-0.15357524348239202,-0.0013260442113984538,-0.05859895048607366,0.06763191405136094,17,6,0.1,300,Tongue
4.952114105224609,0.10674349272168455,0.05357662836710612,0.010225103281688148,6,0.1,400,0.4727272727272727,0.42727272727272725,0.4818181818181818,0.46060606060606063,0.02386062992124792,21,0.46992356264539714,0.42148760330578516,0.4797112272840428,0.457040797745075,0.025455475126818502,21,-0.05890266523011691,-0.15357524348239202,-0.03858372364425301,-0.08368721078558732,0.050109664287205584,21,6,0.1,400,Tongue
6.618308226267497,0.7444676570273555,0.05131347974141439,0.012951434154172164,7,0.01,200,0.4909090909090909,0.5454545454545454,0.5,0.5121212121212121,0.023860629921247895,6,0.4735042735042735,0.5139625309296572,0.49291760958846703,0.4934614713407992,0.016521490805995496,11,-0.031856916529019966,0.08371205282436343,0.004786528713785696,0.018880555003043056,0.04822190271465534,6,7,0.01,200,Tongue
9.412146011988321,1.146681946237811,0.04838879903157552,0.014484532575659376,7,0.01,300,0.509090909090909,0.5636363636363636,0.509090909090909,0.5272727272727272,0.02571297386132901,3,0.49230769230769234,0.52329360780065,0.5031783205085313,0.506259873538958,0.01283624338981042,6,0.006651444110454719,0.12827101495674756,0.02313869799541786,0.05268705235420671,0.053868103965108015,3,7,0.01,300,Tongue
10.638344923655191,0.3237267102991614,0.04051621754964193,0.0037615289696034436,7,0.01,400,0.509090909090909,0.5727272727272728,0.509090909090909,0.5303030303030303,0.02999846950488387,1,0.49230769230769234,0.5408117950084377,0.5076259946949602,0.5135818273370301,0.020244603421593156,4,0.006651444110454719,0.14656355824271422,0.020667328031745695,0.057960776794971546,0.0629123777473141,1,7,0.01,400,Tongue
5.519165992736816,0.12930510670903886,0.059892892837524414,0.021550379772029928,7,0.1,200,0.509090909090909,0.5545454545454546,0.509090909090909,0.5242424242424242,0.0214274782177742,4,0.5084409136047666,0.5341802782819116,0.509090909090909,0.5172373669925291,0.011983385880818929,2,0.022296489098405838,0.10307915992094005,0.018518518518518517,0.04796472251262147,0.03900230056079789,4,7,0.1,200,Tongue
6.192915519078572,0.7148602842110567,0.04921189943949381,0.011922887649687304,7,0.1,300,0.509090909090909,0.5545454545454546,0.5,0.5212121212121211,0.02386062992124793,5,0.5089285714285714,0.5376962003602368,0.49995867427060087,0.5155278153531363,0.016097468416357043,3,0.02089556376443049,0.1029296221640632,0.0006617039689964649,0.041495629965830054,0.044218803079042815,5,7,0.1,300,Tongue
8.225648244222006,1.521289946187768,0.049527645111083984,0.0105045127512197,7,0.1,400,0.5272727272727272,0.5454545454545454,0.5181818181818182,0.5303030303030303,0.011338355717496777,1,0.5258620689655172,0.5299145299145299,0.5178231742618477,0.5245332577139649,0.0050249062934282235,1,0.05207307160342201,0.08366816538940408,0.0357320143258091,0.05715775043954507,0.0198973886703396,2,7,0.1,400,Tongue
